Año,Kilómetros,Corolla Cross,Hilux SW4,RAV4,Diésel,Eléctrico,Híbrido,Nafta,Nafta/GNC,Automática,Manual,1,1.8,2.0,2.4,2.5,2.7,2.8,3.0,hibrido,Precio
2018,100000,0,1,0,1,0,0,0,0,1,0,0,0,0,0,0,0,1,0,0,36000.0
2013,355000,0,1,0,1,0,0,0,0,0,1,0,0,0,0,0,0,0,1,0,20000.0
2018,61150,0,1,0,1,0,0,0,0,1,0,0,0,0,0,0,0,1,0,0,44976.07655502392
2022,1000,1,0,0,0,0,0,0,0,1,0,0,1,0,0,0,0,0,0,0,32800.0
2019,123000,0,1,0,1,0,0,0,0,1,0,0,0,0,0,0,0,1,0,0,33971.29186602871
2022,5000,0,1,0,1,0,0,0,0,1,0,0,0,0,0,0,0,1,0,0,65000.0
2022,38000,1,0,0,0,0,0,1,0,1,0,0,0,1,0,0,0,0,0,0,30000.0
2024,1500,1,0,0,0,0,0,1,0,1,0,0,0,1,0,0,0,0,0,0,35406.6985645933
2011,210000,0,1,0,1,0,0,0,0,1,0,0,0,0,0,0,0,0,1,0,22000.0
2009,350000,0,0,1,0,0,0,1,0,1,0,0,0,0,1,0,0,0,0,0,9090.90909090909
2016,150000,0,1,0,1,0,0,0,0,1,0,0,0,0,0,0,0,1,0,0,36000.0
2023,16000,1,0,0,0,0,0,1,0,1,0,0,0,1,0,0,0,0,0,0,32440.191387559807
2018,90000,0,1,0,1,0,0,0,0,1,0,0,0,0,0,0,0,1,0,0,39000.0
2023,1500,0,1,0,1,0,0,0,0,1,0,0,0,0,0,0,0,1,0,0,102000.0
2023,2023,1,0,0,0,0,0,1,0,1,0,0,0,1,0,0,0,0,0,0,38000.0
2023,0,0,1,0,1,0,0,0,0,1,0,0,0,0,0,0,0,1,0,0,64593.3014354067
2014,153000,0,1,0,1,0,0,0,0,1,0,0,0,0,0,0,0,0,1,0,30000.0
2013,122487,0,0,1,0,0,0,1,0,1,0,0,0,0,0,1,0,0,0,0,18800.0
2023,40000,0,1,0,1,0,0,0,0,1,0,0,0,0,0,0,0,1,0,0,47368.42105263158
2021,41085,0,1,0,1,0,0,0,0,0,1,0,0,0,0,0,0,1,0,0,44976.07655502392
2023,32000,0,1,0,1,0,0,0,0,1,0,0,0,0,0,0,0,1,0,0,59900.0
2018,32700,0,1,0,1,0,0,0,0,1,0,0,0,0,0,0,0,1,0,0,43000.0
2024,0,0,1,0,1,0,0,0,0,1,0,0,0,0,0,0,0,1,0,0,62200.95693779904
2023,0,1,0,0,0,0,0,1,0,1,0,0,0,1,0,0,0,0,0,0,34430.62200956938
2023,8000,1,0,0,0,0,0,1,0,1,0,0,0,1,0,0,0,0,0,0,28708.133971291867
2023,0,1,0,0,0,0,0,1,0,1,0,0,0,1,0,0,0,0,0,0,40000.0
2023,0,1,0,0,0,0,0,1,0,1,0,0,0,1,0,0,0,0,0,0,35000.0
2024,1200,1,0,0,0,0,0,0,0,1,0,0,1,0,0,0,0,0,0,0,40900.0
2022,27200,0,1,0,1,0,0,0,0,1,0,0,0,0,0,0,0,1,0,0,51500.0
2023,13000,0,1,0,1,0,0,0,0,1,0,0,0,0,0,0,0,1,0,0,52631.57894736842
2009,200000,0,1,0,1,0,0,0,0,1,0,0,0,0,0,0,0,0,1,0,22500.0
2024,500,1,0,0,0,0,0,0,0,1,0,0,1,0,0,0,0,0,0,0,34000.0
1999,290000,0,1,0,1,0,0,0,0,0,1,0,0,0,0,0,0,0,1,0,17999.0
2024,1000,1,0,0,0,0,0,1,0,1,0,0,0,1,0,0,0,0,0,0,29747.36842105263
2023,16000,1,0,0,0,0,0,1,0,1,0,0,0,1,0,0,0,0,0,0,30000.0
2017,100000,0,1,0,1,0,0,0,0,1,0,0,0,0,0,0,0,1,0,0,34000.0
2013,90000,0,1,0,0,0,0,1,0,1,0,0,0,0,0,0,1,0,0,0,23444.976076555024
2023,0,0,1,0,1,0,0,0,0,1,0,0,0,0,0,0,0,1,0,0,54500.0
2012,240000,0,1,0,1,0,0,0,0,1,0,0,0,0,0,0,0,0,1,0,24000.0
2020,16900,0,1,0,1,0,0,0,0,1,0,0,0,0,0,0,0,1,0,0,44900.0
2023,1111,0,1,0,1,0,0,0,0,1,0,0,0,0,0,0,0,1,0,0,58000.0
2020,29000,0,0,1,0,0,0,1,0,1,0,0,0,0,0,1,0,0,0,0,48000.0
2016,116000,0,1,0,0,1,0,0,0,1,0,0,0,0,0,0,0,1,0,0,34500.0
2008,160000,0,1,0,1,0,0,0,0,1,0,0,0,0,0,0,0,0,1,0,22000.0
2011,220000,0,1,0,1,0,0,0,0,1,0,0,0,0,0,0,0,0,1,0,23000.0
2022,50000,1,0,0,0,0,0,1,0,1,0,0,0,0,0,0,0,0,0,0,26258.373205741627
2017,120000,0,0,1,0,0,0,1,0,1,0,0,0,1,0,0,0,0,0,0,26000.0
2020,48738,0,1,0,1,0,0,0,0,1,0,0,0,0,0,0,0,1,0,0,44019.13875598087
2023,1000,0,0,1,0,0,0,0,0,1,0,0,0,0,0,1,0,0,0,0,71900.0
2016,126840,0,1,0,1,0,0,0,0,1,0,0,0,0,0,0,0,1,0,0,33971.29186602871
2021,23757,0,1,0,1,0,0,0,0,1,0,0,0,0,0,0,0,1,0,0,49000.0
2022,4000,0,1,0,1,0,0,0,0,1,0,0,0,0,0,0,0,1,0,0,57416.26794258373
2011,126000,0,0,1,0,0,0,1,0,1,0,0,0,0,1,0,0,0,0,0,12900.0
2023,20000,1,0,0,0,0,0,1,0,1,0,0,0,1,0,0,0,0,0,0,33000.0
2022,7000,1,0,0,0,0,0,0,0,1,0,0,1,0,0,0,0,0,0,0,32000.0
2020,100000,0,1,0,1,0,0,0,0,1,0,0,0,0,0,0,0,1,0,0,36363.63636363636
2012,141000,0,1,0,1,0,0,0,0,1,0,0,0,0,0,0,0,0,1,0,26800.0
2008,270000,0,0,1,0,0,0,1,0,1,0,0,0,0,1,0,0,0,0,0,12800.0
2018,77530,0,1,0,1,0,0,0,0,1,0,0,0,0,0,0,0,1,0,0,40900.0
2023,2023,0,1,0,1,0,0,0,0,1,0,0,0,0,0,0,0,1,0,0,57000.0
2005,160000,0,1,0,1,0,0,0,0,0,1,0,0,0,0,0,0,0,1,0,16500.0
2011,190000,0,1,0,1,0,0,0,0,1,0,0,0,0,0,0,0,0,1,0,20095.693779904308
2016,132000,0,1,0,1,0,0,0,0,1,0,0,0,0,0,0,0,1,0,0,33000.0
2023,11200,0,1,0,1,0,0,0,0,1,0,0,0,0,0,0,0,1,0,0,58000.0
2024,1111,1,0,0,0,0,0,0,0,1,0,0,1,0,0,0,0,0,0,0,39900.0
2016,108400,0,0,1,0,0,0,1,0,1,0,0,0,1,0,0,0,0,0,0,25825.837320574163
2023,11000,1,0,0,0,0,0,0,0,1,0,0,1,0,0,0,0,0,0,0,36900.0
2021,56497,0,1,0,1,0,0,0,0,1,0,0,0,0,0,0,0,1,0,0,46000.0
2016,135600,0,0,1,0,0,0,1,0,1,0,0,0,1,0,0,0,0,0,0,23827.75119617225
2019,120000,0,1,0,1,0,0,0,0,1,0,0,0,0,0,0,0,1,0,0,36500.0
2013,166000,0,1,0,0,0,0,1,0,1,0,0,0,0,0,0,1,0,0,0,23923.44497607656
2019,70000,0,1,0,1,0,0,0,0,1,0,0,0,0,0,0,0,1,0,0,39900.0
2023,6700,1,0,0,0,0,1,0,0,1,0,0,1,0,0,0,0,0,0,0,32000.0
2021,12000,0,1,0,1,0,0,0,0,1,0,0,0,0,0,0,0,1,0,0,49900.0
2014,204000,0,1,0,1,0,0,0,0,1,0,0,0,0,0,0,0,0,1,0,25263.157894736843
2016,132000,0,1,0,1,0,0,0,0,1,0,0,0,0,0,0,0,1,0,0,34000.0
2023,0,1,0,0,0,0,0,0,0,1,0,0,1,0,0,0,0,0,0,0,14560.765550239234
2021,15500,0,1,0,1,0,0,0,0,1,0,0,0,0,0,0,0,1,0,0,50000.0
2024,1000,1,0,0,0,0,0,1,0,1,0,0,0,1,0,0,0,0,0,0,38000.0
2024,0,1,0,0,0,0,0,1,0,1,0,0,0,1,0,0,0,0,0,0,32535.88516746412
2023,0,0,1,0,1,0,0,0,0,1,0,0,0,0,0,0,0,1,0,0,64593.3014354067
2001,230000,0,1,0,1,0,0,0,0,0,1,0,0,0,0,0,0,0,1,0,25000.0
2019,37000,0,1,0,1,0,0,0,0,1,0,0,0,0,0,0,0,1,0,0,46500.0
2021,1100,0,1,0,1,0,0,0,0,1,0,0,0,0,0,0,0,1,0,0,53500.0
2024,0,1,0,0,0,0,0,0,0,1,0,0,1,0,0,0,0,0,0,0,34900.0
2017,95000,0,1,0,0,0,0,1,0,1,0,0,0,0,0,0,0,1,0,0,35000.0
2013,118000,0,0,1,0,0,0,1,0,1,0,0,0,1,0,0,0,0,0,0,16500.0
2024,0,0,1,0,1,0,0,0,0,1,0,0,0,0,0,0,0,1,0,0,57000.0
2023,500,0,1,0,1,0,0,0,0,1,0,0,0,0,0,0,0,1,0,0,47500.0
2013,156000,0,1,0,1,0,0,0,0,1,0,0,0,0,0,0,0,0,1,0,29900.0
2011,150000,0,1,0,1,0,0,0,0,1,0,0,0,0,0,0,0,0,1,0,23000.0
2020,24600,0,0,1,0,0,0,1,0,1,0,0,0,0,0,1,0,0,0,0,50000.0
2014,108000,0,1,0,1,0,0,0,0,0,1,0,0,0,0,0,0,0,1,0,19138.75598086124
2012,270000,0,1,0,1,0,0,0,0,0,1,0,0,0,0,0,0,0,1,0,22009.569377990432
2023,0,1,0,0,0,0,0,1,0,1,0,0,0,1,0,0,0,0,0,0,31100.47846889952
2023,0,1,0,0,0,0,0,0,0,1,0,0,1,0,0,0,0,0,0,0,36000.0
2023,0,0,1,0,1,0,0,0,0,1,0,0,0,0,0,0,0,1,0,0,57224.88038277512
2013,136000,0,0,1,0,0,0,1,0,1,0,0,0,0,1,0,0,0,0,0,14500.0
2011,181000,0,1,0,1,0,0,0,0,0,1,0,0,0,0,0,0,0,1,0,24500.0
2022,500,0,1,0,1,0,0,0,0,1,0,0,0,0,0,0,0,1,0,0,57000.0
2015,135627,0,0,1,0,0,0,1,0,1,0,0,0,1,0,0,0,0,0,0,19300.0
2021,15000,1,0,0,0,0,0,1,0,1,0,0,0,1,0,0,0,0,0,0,33500.0
2017,166000,0,1,0,1,0,0,0,0,1,0,0,0,0,0,0,0,1,0,0,34449.76076555024
2022,33000,1,0,0,0,0,0,0,0,1,0,0,1,0,0,0,0,0,0,0,30000.0
2012,144000,0,1,0,1,0,0,0,0,0,1,0,0,0,0,0,0,0,1,0,23923.44497607656
2018,83000,0,1,0,1,0,0,0,0,1,0,0,0,0,0,0,0,1,0,0,38900.0
2018,120000,0,1,0,1,0,0,0,0,1,0,0,0,0,0,0,0,1,0,0,34500.0
2024,0,1,0,0,0,0,0,0,0,1,0,0,1,0,0,0,0,0,0,0,34736.84210526316
2024,0,1,0,0,0,0,0,1,0,1,0,0,0,1,0,0,0,0,0,0,29747.36842105263
2024,1500,1,0,0,0,0,0,0,0,1,0,0,1,0,0,0,0,0,0,0,38000.0
2019,73000,0,1,0,1,0,0,0,0,0,1,0,0,0,0,0,0,1,0,0,39500.0
2018,89000,0,1,0,1,0,0,0,0,1,0,0,0,0,0,0,0,1,0,0,38500.0
2013,136000,0,0,1,0,0,0,1,0,1,0,0,0,1,0,0,0,0,0,0,17500.0
2024,0,0,1,0,1,0,0,0,0,1,0,0,0,0,0,0,0,1,0,0,55980.861244019135
2022,74000,1,0,0,0,0,0,0,0,1,0,0,1,0,0,0,0,0,0,0,33492.822009569376
2023,4800,1,0,0,0,0,0,1,0,1,0,0,0,1,0,0,0,0,0,0,33900.0
2012,230000,0,0,1,0,0,0,1,0,1,0,0,0,0,1,0,0,0,0,0,13875.598086124402
2019,54000,0,1,0,1,0,0,0,0,1,0,0,0,0,0,0,0,1,0,0,42000.0
2023,1600,1,0,0,0,0,0,1,0,1,0,0,0,1,0,0,0,0,0,0,33500.0
2023,60000,0,1,0,1,0,0,0,0,1,0,0,0,0,0,0,0,1,0,0,53000.0
2015,127000,0,0,1,0,0,0,1,0,1,0,0,0,0,0,1,0,0,0,0,22000.0
2022,22000,0,1,0,1,0,0,0,0,1,0,0,0,0,0,0,0,1,0,0,51674.64114832536
2024,0,0,1,0,1,0,0,0,0,0,0,0,0,0,0,0,0,0,0,0,65000.0
2012,150000,0,0,1,0,0,0,1,0,1,0,0,0,0,1,0,0,0,0,0,13875.598086124402
2024,0,0,1,0,1,0,0,0,0,1,0,0,0,0,0,0,0,1,0,0,54225.64593301436
2022,8300,1,0,0,0,0,0,0,0,1,0,0,1,0,0,0,0,0,0,0,35000.0
2006,219000,0,1,0,1,0,0,0,0,1,0,0,0,0,0,0,0,0,1,0,22900.0
2023,0,1,0,0,0,0,0,1,0,1,0,0,0,1,0,0,0,0,0,0,29747.36842105263
2024,992,1,0,0,0,0,0,1,0,1,0,0,0,1,0,0,0,0,0,0,33014.354066985645
2022,33500,1,0,0,0,0,0,1,0,1,0,0,0,1,0,0,0,0,0,0,30621.91387559809
2022,0,1,0,0,0,0,0,1,0,1,0,0,0,1,0,0,0,0,0,0,31849.76076555024
2019,49000,0,0,1,0,0,0,1,0,1,0,0,0,0,0,1,0,0,0,0,40000.0
2009,435000,0,1,0,1,0,0,0,0,1,0,0,0,0,0,0,0,0,1,0,18500.0
2024,500,1,0,0,0,0,0,1,0,1,0,0,0,1,0,0,0,0,0,0,35500.0
2023,19000,0,1,0,1,0,0,0,0,1,0,0,0,0,0,0,0,1,0,0,49750.0
2010,210000,0,0,1,0,0,0,0,1,1,0,0,0,0,1,0,0,0,0,0,12440.19138755981
2021,90000,0,1,0,1,0,0,0,0,1,0,0,0,0,0,0,0,1,0,0,45000.0
2021,94000,0,1,0,1,0,0,0,0,0,1,0,0,0,0,0,0,1,0,0,37000.0
2008,250000,0,1,0,1,0,0,0,0,0,1,0,0,0,0,0,0,0,1,0,17900.0
2021,69000,1,0,0,0,0,0,1,0,1,0,0,0,1,0,0,0,0,0,0,26784.68899521531
2013,205000,0,1,0,0,0,0,1,0,1,0,0,0,0,0,0,1,0,0,0,23444.019138755983
2023,0,0,1,0,1,0,0,0,0,1,0,0,0,0,0,0,0,1,0,0,57320.57416267943
2016,250000,0,1,0,1,0,0,0,0,1,0,0,0,0,0,0,0,1,0,0,32000.0
2009,302000,0,1,0,1,0,0,0,0,0,1,0,0,0,0,0,0,0,1,0,19500.0
2011,250000,0,1,0,1,0,0,0,0,1,0,0,0,0,0,0,0,0,1,0,20000.0
2024,0,1,0,0,0,0,0,1,0,1,0,0,0,1,0,0,0,0,0,0,30794.258373205743
2024,0,1,0,0,0,0,0,0,0,1,0,0,1,0,0,0,0,0,0,0,38500.0
2023,0,1,0,0,0,0,0,0,0,1,0,0,1,0,0,0,0,0,0,0,30133.014354066985
1998,260000,0,1,0,1,0,0,0,0,0,1,0,0,0,0,0,0,0,1,0,12000.0
2017,145000,0,1,0,1,0,0,0,0,1,0,0,0,0,0,0,0,1,0,0,34510.0
2016,105000,0,1,0,1,0,0,0,0,1,0,0,0,0,0,0,0,1,0,0,34900.0
2018,122000,0,1,0,1,0,0,0,0,0,1,0,0,0,0,0,0,1,0,0,36500.0
2023,37500,1,0,0,0,0,0,1,0,1,0,0,0,1,0,0,0,0,0,0,32057.416267942583
2022,12500,1,0,0,0,0,0,1,0,1,0,0,0,1,0,0,0,0,0,0,33000.0
2023,0,1,0,0,0,0,0,1,0,1,0,0,0,1,0,0,0,0,0,0,35215.311004784686
2024,0,0,1,0,1,0,0,0,0,1,0,0,0,0,0,0,0,1,0,0,65000.0
2023,0,0,1,0,1,0,0,0,0,1,0,0,0,0,0,0,0,1,0,0,58900.0
2019,43000,0,1,0,1,0,0,0,0,1,0,0,0,0,0,0,0,1,0,0,41900.0
2022,25000,1,0,0,0,0,0,1,0,1,0,0,0,1,0,0,0,0,0,0,30500.0
2023,6800,1,0,0,0,0,0,1,0,1,0,0,0,1,0,0,0,0,0,0,36000.0
2022,20000,1,0,0,0,0,0,0,0,1,0,0,1,0,0,0,0,0,0,0,30000.0
2023,0,0,1,0,1,0,0,0,0,1,0,0,0,0,0,0,0,1,0,0,57000.0
2019,129900,0,0,1,0,0,0,0,0,0,0,0,0,0,0,1,0,0,0,0,46794.25837320574
2021,70000,0,1,0,1,0,0,0,0,1,0,0,0,0,0,0,0,1,0,0,41148.32535885168
2024,0,1,0,0,0,0,0,1,0,1,0,0,0,1,0,0,0,0,0,0,40191.387559808616
2023,9000,0,1,0,1,0,0,0,0,1,0,0,0,0,0,0,0,1,0,0,55000.0
2019,70000,0,0,1,0,0,0,1,0,1,0,0,0,0,0,1,0,0,0,0,42000.0
2017,110000,0,1,0,1,0,0,0,0,1,0,0,0,0,0,0,0,1,0,0,35500.0
2018,149000,0,0,1,0,0,0,1,0,1,0,0,0,1,0,0,0,0,0,0,29500.0
2023,0,0,1,0,1,0,0,0,0,1,0,0,0,0,0,0,0,1,0,0,55023.92344497608
2008,175000,0,0,1,0,0,0,1,0,1,0,0,0,0,0,0,0,0,0,0,13000.0
2020,56000,0,1,0,1,0,0,0,0,1,0,0,0,0,0,0,0,1,0,0,43000.0
2023,0,0,1,0,1,0,0,0,0,1,0,0,0,0,0,0,0,1,0,0,77033.49282296651
2017,138000,0,1,0,1,0,0,0,0,1,0,0,0,0,0,0,0,1,0,0,37320.57416267943
2013,185000,0,0,1,0,0,0,1,0,1,0,0,0,1,0,0,0,0,0,0,17500.0
2017,84000,0,1,0,1,0,0,0,0,1,0,0,0,0,0,0,0,1,0,0,36000.0
2006,299000,0,1,0,1,0,0,0,0,1,0,0,0,0,0,0,0,0,1,0,16900.0
2024,0,1,0,0,0,0,0,0,0,1,0,0,1,0,0,0,0,0,0,0,38500.0
2018,11111,0,0,1,0,0,0,1,0,1,0,0,0,0,0,1,0,0,0,0,38000.0
2012,240000,0,1,0,1,0,0,0,0,1,0,0,0,0,0,0,0,0,1,0,22000.0
2022,34000,1,0,0,0,0,0,1,0,1,0,0,0,1,0,0,0,0,0,0,29900.0
2023,0,1,0,0,0,0,0,1,0,1,0,0,0,1,0,0,0,0,0,0,44708.13397129186
2022,34000,0,1,0,1,0,0,0,0,1,0,0,0,0,0,0,0,1,0,0,48803.82775119617
2024,0,1,0,0,0,0,1,0,0,1,0,0,0,0,0,0,0,0,0,0,38000.0
2020,67500,0,0,1,0,0,0,1,0,1,0,0,0,0,0,1,0,0,0,0,47990.0
2024,0,1,0,0,0,0,0,0,0,1,0,0,0,0,0,0,0,0,0,1,34200.0
2017,181000,0,1,0,1,0,0,0,0,1,0,0,0,0,0,0,0,1,0,0,31499.0
2011,226000,0,1,0,1,0,0,0,0,0,1,0,0,0,0,0,0,0,1,0,20000.0
2020,89990,0,1,0,1,0,0,0,0,1,0,0,0,0,0,0,0,1,0,0,40669.85645933014
2018,44000,0,1,0,1,0,0,0,0,1,0,0,0,0,0,0,0,1,0,0,39990.0
2016,150000,0,1,0,1,0,0,0,0,1,0,0,0,0,0,0,0,1,0,0,36000.0
2021,12037,1,0,0,0,0,0,1,0,1,0,1,0,0,0,0,0,0,0,0,29483.253588516745
2012,221700,0,1,0,1,0,0,0,0,1,0,0,0,0,0,0,0,0,1,0,26000.0
2009,190000,0,1,0,1,0,0,0,0,0,1,0,0,0,0,0,0,0,1,0,19900.0
2011,185000,0,1,0,1,0,0,0,0,1,0,0,0,0,0,0,0,0,1,0,23000.0
2013,130000,0,0,1,0,0,0,1,0,1,0,0,0,1,0,0,0,0,0,0,18500.0
2023,0,0,1,0,1,0,0,0,0,1,0,0,0,0,0,0,0,1,0,0,62200.95693779904
2017,216000,0,1,0,1,0,0,0,0,1,0,0,0,0,0,0,0,1,0,0,34000.0
2023,0,1,0,0,0,0,0,1,0,1,0,0,0,1,0,0,0,0,0,0,38000.0
2022,25000,1,0,0,0,0,0,1,0,1,0,0,0,1,0,0,0,0,0,0,29000.0
2022,4000,1,0,0,0,0,0,1,0,1,0,0,0,1,0,0,0,0,0,0,34800.0
2018,95000,0,0,1,0,0,0,1,0,1,0,0,0,0,0,1,0,0,0,0,32000.0
2024,0,1,0,0,0,0,0,0,0,1,0,0,1,0,0,0,0,0,0,0,37500.0
2023,0,1,0,0,0,0,0,1,0,1,0,0,0,1,0,0,0,0,0,0,31849.76076555024
2022,3400,1,0,0,0,0,0,0,0,1,0,0,1,0,0,0,0,0,0,0,35500.0
2021,44000,1,0,0,0,0,0,1,0,1,0,0,0,1,0,0,0,0,0,0,33900.0
2023,0,1,0,0,0,0,0,1,0,1,0,0,0,1,0,0,0,0,0,0,37320.57416267943
2021,40000,0,1,0,1,0,0,0,0,1,0,0,0,0,0,0,0,1,0,0,44019.13875598087
2015,210000,0,1,0,0,0,0,1,0,1,0,0,0,0,0,0,1,0,0,0,25000.0
2018,71000,0,0,1,0,0,0,1,0,1,0,0,0,1,0,0,0,0,0,0,27500.0
2023,38000,1,0,0,0,0,0,1,0,1,0,0,0,1,0,0,0,0,0,0,34000.0
2023,6700,0,1,0,1,0,0,0,0,1,0,0,0,0,0,0,0,1,0,0,52000.0
2022,16873,0,1,0,1,0,0,0,0,1,0,0,0,0,0,0,0,1,0,0,45933.01435406699
2013,152000,0,0,1,0,0,0,1,0,1,0,0,0,0,1,0,0,0,0,0,16000.0
2022,49000,0,1,0,1,0,0,0,0,1,0,0,0,0,0,0,0,1,0,0,47000.0
2022,18000,1,0,0,0,0,0,1,0,1,0,0,0,1,0,0,0,0,0,0,33500.0
2016,120000,0,1,0,1,0,0,0,0,0,1,0,0,0,0,0,0,1,0,0,31900.0
2023,1000,1,0,0,0,0,0,0,0,1,0,0,1,0,0,0,0,0,0,0,39500.0
2008,240000,0,1,0,1,0,0,0,0,1,0,0,0,0,0,0,0,0,1,0,18000.0
2023,0,1,0,0,0,0,0,0,0,1,0,0,1,0,0,0,0,0,0,0,36555.02392344498
2024,500,1,0,0,0,0,0,0,0,1,0,0,1,0,0,0,0,0,0,0,34449.76076555024
2022,31000,0,1,0,1,0,0,0,0,1,0,0,0,0,0,0,0,1,0,0,52631.57894736842
2021,28000,0,1,0,1,0,0,0,0,1,0,0,0,0,0,0,0,1,0,0,59900.0
2024,0,1,0,0,0,0,0,1,0,1,0,0,0,1,0,0,0,0,0,0,29747.36842105263
2018,69000,0,1,0,1,0,0,0,0,1,0,0,0,0,0,0,0,1,0,0,39900.0
2013,192000,0,1,0,1,0,0,0,0,0,1,0,0,0,0,0,0,0,1,0,23923.44497607656
2018,94999,0,1,0,1,0,0,0,0,1,0,0,0,0,0,0,0,1,0,0,37000.0
2018,93600,0,1,0,1,0,0,0,0,1,0,0,0,0,0,0,0,1,0,0,37800.0
2023,0,1,0,0,0,0,0,1,0,1,0,0,0,1,0,0,0,0,0,0,34449.76076555024
2021,45000,0,1,0,1,0,0,0,0,1,0,0,0,0,0,0,0,1,0,0,48300.0
2018,106000,0,1,0,1,0,0,0,0,0,1,0,0,0,0,0,0,1,0,0,37000.0
2022,18000,0,1,0,1,0,0,0,0,0,1,0,0,0,0,0,0,1,0,0,52000.0
2022,45500,1,0,0,0,0,0,1,0,1,0,0,0,1,0,0,0,0,0,0,32000.0
2020,41000,0,1,0,1,0,0,0,0,0,1,0,0,0,0,0,0,1,0,0,37900.0
2012,147000,0,0,1,0,0,0,1,0,1,0,0,0,0,1,0,0,0,0,0,11952.143540669857
2023,0,0,1,0,0,1,0,0,0,0,1,0,0,0,0,0,0,1,0,0,61913.87559808613
2018,70000,0,0,1,0,0,0,1,0,1,0,0,0,0,0,1,0,0,0,0,37000.0
2023,1000,0,1,0,1,0,0,0,0,1,0,0,0,0,0,0,0,1,0,0,56500.0
2019,75000,0,1,0,1,0,0,0,0,1,0,0,0,0,0,0,0,1,0,0,42500.0
2019,35900,0,0,1,0,0,0,0,0,1,0,0,0,0,0,1,0,0,0,0,41626.79425837321
2017,130000,0,1,0,1,0,0,0,0,1,0,0,0,0,0,0,0,1,0,0,35500.0
2023,0,1,0,0,0,0,0,0,0,1,0,0,1,0,0,0,0,0,0,0,31338.75598086124
2023,228,1,0,0,0,0,0,0,0,1,0,0,1,0,0,0,0,0,0,0,36500.0
2018,69421,0,0,1,0,0,0,1,0,1,0,0,0,1,0,0,0,0,0,0,28905.263157894737
2012,170000,0,0,1,0,0,0,1,0,1,0,0,0,0,1,0,0,0,0,0,13500.0
2021,81300,0,1,0,1,0,0,0,0,1,0,0,0,0,0,0,0,1,0,0,44880.382775119615
2018,107000,0,1,0,1,0,0,0,0,1,0,0,0,0,0,0,0,1,0,0,36842.10526315789
2023,14000,0,1,0,1,0,0,0,0,1,0,0,0,0,0,0,0,1,0,0,53900.0
2013,143000,0,1,0,0,0,0,1,0,1,0,0,0,0,0,0,1,0,0,0,24391.38755980861
2023,0,1,0,0,0,0,0,1,0,1,0,0,0,1,0,0,0,0,0,0,34000.0
2023,26000,0,1,0,1,0,0,0,0,1,0,0,0,0,0,0,0,1,0,0,51674.64114832536
2021,51700,1,0,0,0,0,0,1,0,1,0,0,0,1,0,0,0,0,0,0,30526.315789473683
2018,80000,0,1,0,1,0,0,0,0,1,0,0,0,0,0,0,0,1,0,0,38277.511961722485
2013,184000,0,1,0,0,0,0,1,0,1,0,0,0,0,0,0,1,0,0,0,22800.0
2023,1500,0,1,0,1,0,0,0,0,1,0,0,0,0,0,0,0,1,0,0,55000.0
2023,8200,0,1,0,1,0,0,0,0,1,0,0,0,0,0,0,0,1,0,0,49800.0
2011,193000,0,1,0,1,0,0,0,0,1,0,0,0,0,0,0,0,0,1,0,22500.0
2023,5500,1,0,0,0,0,0,1,0,1,0,0,0,1,0,0,0,0,0,0,33000.0
2011,320000,0,1,0,1,0,0,0,0,1,0,0,0,0,0,0,0,0,1,0,19043.06220095693
2018,119000,0,0,1,0,0,0,1,0,1,0,0,0,0,0,1,0,0,0,0,34258.37320574163
2024,0,1,0,0,0,0,0,0,0,1,0,0,1,0,0,0,0,0,0,0,36363.63636363636
2023,26000,1,0,0,0,0,0,1,0,1,0,0,0,1,0,0,0,0,0,0,32800.0
2020,65000,0,0,1,0,0,0,1,0,1,0,0,0,0,0,1,0,0,0,0,44000.0
2014,119700,0,0,1,0,0,0,1,0,1,0,0,0,1,0,0,0,0,0,0,19500.0
2023,10698,1,0,0,0,0,0,1,0,1,0,1,0,0,0,0,0,0,0,0,28660.28708133972
2023,10000,1,0,0,0,0,0,0,0,1,0,0,1,0,0,0,0,0,0,0,34928.22966507177
2023,7000,0,1,0,1,0,0,0,0,0,1,0,0,0,0,0,0,1,0,0,50000.0
2023,8000,1,0,0,0,0,0,1,0,1,0,0,0,1,0,0,0,0,0,0,36850.0
2023,0,1,0,0,0,0,0,1,0,1,0,0,0,1,0,0,0,0,0,0,30430.62200956938
2022,35000,1,0,0,0,0,0,1,0,1,0,0,0,1,0,0,0,0,0,0,28500.0
2011,174000,0,1,0,1,0,0,0,0,1,0,0,0,0,0,0,0,0,1,0,24000.0
2023,5500,1,0,0,0,0,0,1,0,1,0,0,0,1,0,0,0,0,0,0,32057.416267942583
2022,74000,1,0,0,0,0,0,1,0,1,0,0,0,1,0,0,0,0,0,0,33014.35311004785
2024,0,0,1,0,1,0,0,0,0,1,0,0,0,0,0,0,0,1,0,0,70000.0
2017,16570,0,1,0,1,0,0,0,0,1,0,0,0,0,0,0,0,1,0,0,43400.0
2022,5500,1,0,0,0,0,0,1,0,1,0,0,0,1,0,0,0,0,0,0,30143.54066985646
2021,63000,1,0,0,0,0,0,1,0,1,0,0,0,1,0,0,0,0,0,0,27272.727272727272
2010,252000,0,1,0,1,0,0,0,0,1,0,0,0,0,0,0,0,0,1,0,17990.430622009568
2015,300000,0,1,0,1,0,0,0,0,0,1,0,0,0,0,0,0,0,1,0,26000.0
2023,11111,0,1,0,1,0,0,0,0,1,0,0,0,0,0,0,0,1,0,0,58000.0
2023,0,0,1,0,1,0,0,0,0,1,0,0,0,0,0,0,0,1,0,0,58373.20574162679
2023,1111,0,1,0,1,0,0,0,0,1,0,0,0,0,0,0,0,1,0,0,55500.0
2021,14574,0,1,0,1,0,0,0,0,1,0,1,0,0,0,0,0,0,0,0,50277.511961722485
2019,93000,0,1,0,1,0,0,0,0,0,1,0,0,0,0,0,0,1,0,0,38500.0
2023,500,0,1,0,1,0,0,0,0,1,0,0,0,0,0,0,0,1,0,0,36363.63636363636
2018,64000,0,1,0,1,0,0,0,0,1,0,0,0,0,0,0,0,1,0,0,39000.0
2018,138500,0,1,0,1,0,0,0,0,0,1,0,0,0,0,0,0,1,0,0,39799.0
2022,15000,0,1,0,1,0,0,0,0,1,0,0,0,0,0,0,0,1,0,0,60000.0
2022,83932,1,0,0,0,0,0,1,0,1,0,0,0,0,0,0,0,0,0,0,24401.91387559809
2021,15000,1,0,0,0,0,0,1,0,1,0,0,0,1,0,0,0,0,0,0,28400.0
2022,0,0,1,0,1,0,0,0,0,1,0,0,0,0,0,0,0,1,0,0,69000.0
2017,160000,0,1,0,1,0,0,0,0,1,0,0,0,0,0,0,0,1,0,0,33492.82296650718
2012,315000,0,1,0,1,0,0,0,0,1,0,0,0,0,0,0,0,0,1,0,22000.0
2024,0,1,0,0,0,0,0,0,0,1,0,0,1,0,0,0,0,0,0,0,35311.004784688994
2016,77000,0,1,0,1,0,0,0,0,1,0,0,0,0,0,0,0,1,0,0,35900.0
2018,115000,0,1,0,1,0,0,0,0,1,0,0,0,0,0,0,0,1,0,0,40900.0
2020,77000,0,1,0,1,0,0,0,0,1,0,0,0,0,0,0,0,1,0,0,44460.0
2020,57000,0,0,1,0,0,0,0,0,0,0,0,0,0,0,0,0,0,0,0,44500.0
2023,0,0,1,0,1,0,0,0,0,1,0,0,0,0,0,0,0,1,0,0,53687.36842105263
2022,9000,1,0,0,0,0,0,1,0,1,0,0,0,1,0,0,0,0,0,0,37224.88038277512
2010,245000,0,1,0,1,0,0,0,0,1,0,0,0,0,0,0,0,0,1,0,23500.0
2014,115000,0,1,0,0,0,0,1,0,1,0,0,0,0,0,0,1,0,0,0,22966.50717703349
2024,500,1,0,0,0,0,0,1,0,1,0,0,0,0,0,0,0,0,0,0,36000.0
2023,0,0,1,0,1,0,0,0,0,1,0,0,0,0,0,0,0,1,0,0,53687.36842105263
2016,107000,0,1,0,1,0,0,0,0,1,0,0,0,0,0,0,0,1,0,0,31300.0
2017,90000,0,1,0,1,0,0,0,0,1,0,0,0,0,0,0,0,1,0,0,39000.0
2020,52500,0,1,0,1,0,0,0,0,1,0,0,0,0,0,0,0,1,0,0,43500.0
2011,150000,0,0,1,0,0,0,1,0,1,0,0,0,0,1,0,0,0,0,0,14500.0
2023,34000,1,0,0,0,0,0,1,0,1,0,0,0,1,0,0,0,0,0,0,31000.0
2022,21000,0,1,0,1,0,0,0,0,0,1,0,0,0,0,0,0,1,0,0,45000.0
2023,0,1,0,0,0,0,0,1,0,1,0,0,0,1,0,0,0,0,0,0,37799.04306220096
2022,34500,0,1,0,1,0,0,0,0,1,0,0,0,0,0,0,0,1,0,0,50500.0
2024,0,1,0,0,0,0,0,1,0,1,0,0,0,1,0,0,0,0,0,0,29747.36842105263
2010,290000,0,1,0,1,0,0,0,0,1,0,0,0,0,0,0,0,0,1,0,25000.0
2023,8000,0,1,0,1,0,0,0,0,1,0,0,0,0,0,0,0,1,0,0,52000.0
2023,10000,1,0,0,0,0,0,1,0,1,0,0,0,1,0,0,0,0,0,0,34500.0
2021,69000,1,0,0,0,0,0,1,0,1,0,0,0,1,0,0,0,0,0,0,26315.78947368421
2008,165000,0,1,0,0,0,0,1,0,0,1,0,0,0,0,0,0,0,1,0,22000.0
2011,273852,0,1,0,1,0,0,0,0,0,1,0,0,0,0,0,0,0,1,0,20000.0
2019,90000,0,1,0,1,0,0,0,0,1,0,0,0,0,0,0,0,1,0,0,37500.0
2024,0,0,1,0,1,0,0,0,0,1,0,0,0,0,0,0,0,1,0,0,63900.0
2023,0,0,1,0,1,0,0,0,0,1,0,0,0,0,0,0,0,1,0,0,55406.6985645933
2022,20000,1,0,0,0,0,0,1,0,1,0,0,0,1,0,0,0,0,0,0,33492.82296650718
2021,35000,1,0,0,0,0,0,1,0,1,0,0,0,1,0,0,0,0,0,0,29900.0
2023,0,0,1,0,1,0,0,0,0,1,0,0,0,0,0,0,0,1,0,0,67000.0
2022,23000,0,1,0,1,0,0,0,0,1,0,0,0,0,0,0,0,1,0,0,56000.0
2018,120000,0,1,0,1,0,0,0,0,1,0,0,0,0,0,0,0,1,0,0,41900.0
2023,1000,0,1,0,1,0,0,0,0,1,0,0,0,0,0,0,0,1,0,0,63000.0
2023,8000,1,0,0,0,0,0,1,0,1,0,0,0,1,0,0,0,0,0,0,32900.0
2021,41085,0,1,0,1,0,0,0,0,0,1,0,0,0,0,0,0,1,0,0,44976.07655502392
2018,199000,0,0,1,0,0,0,1,0,1,0,0,0,0,0,1,0,0,0,0,22000.0
2022,29200,1,0,0,0,0,0,1,0,1,0,0,0,0,0,0,0,0,0,0,32535.88516746412
2011,185000,0,1,0,1,0,0,0,0,1,0,0,0,0,0,0,0,0,1,0,24000.0
2019,81000,0,1,0,1,0,0,0,0,1,0,0,0,0,0,0,0,1,0,0,39000.0
2007,324000,0,1,0,1,0,0,0,0,1,0,0,0,0,0,0,0,0,1,0,17500.0
2016,150000,0,1,0,1,0,0,0,0,1,0,0,0,0,0,0,0,1,0,0,35800.0
2021,117000,0,1,0,1,0,0,0,0,1,0,0,0,0,0,0,0,1,0,0,39500.0
2022,13578,1,0,0,0,0,0,0,0,1,0,0,1,0,0,0,0,0,0,0,31100.47846889952
2022,7300,1,0,0,0,0,0,1,0,1,0,0,0,1,0,0,0,0,0,0,32918.66028708134
2022,42000,0,1,0,1,0,0,0,0,1,0,0,0,0,0,0,0,1,0,0,51900.0
2021,17000,0,1,0,1,0,0,0,0,1,0,0,0,0,0,0,0,1,0,0,45933.01435406699
2012,156700,0,1,0,1,0,0,0,0,1,0,0,0,0,0,0,0,0,1,0,26100.0
2007,250000,0,1,0,1,0,0,0,0,0,1,0,0,0,0,0,0,0,1,0,17000.0
2012,134500,0,0,1,0,0,0,1,0,1,0,0,0,0,1,0,0,0,0,0,14832.535885167465
2022,124000,1,0,0,0,0,0,1,0,1,0,0,0,1,0,0,0,0,0,0,32500.0
2021,85000,0,1,0,1,0,0,0,0,1,0,0,0,0,0,0,0,1,0,0,43900.0
2012,200000,0,1,0,1,0,0,0,0,0,1,0,0,0,0,0,0,0,1,0,23000.0
2013,78800,0,1,0,0,0,0,1,0,1,0,0,0,0,0,0,1,0,0,0,21531.1004784689
2023,0,0,1,0,1,0,0,0,0,0,1,0,0,0,0,0,0,1,0,0,55023.92344497608
2009,189000,0,0,1,0,0,0,1,0,1,0,0,0,0,1,0,0,0,0,0,10500.0
2013,175000,0,1,0,0,0,0,1,0,1,0,0,0,0,0,0,1,0,0,0,25900.0
2018,145000,0,1,0,1,0,0,0,0,1,0,0,0,0,0,0,0,1,0,0,33200.0
2023,17500,1,0,0,0,0,0,0,0,1,0,0,1,0,0,0,0,0,0,0,30622.00956937799
2020,38000,0,0,1,0,0,1,0,0,1,0,0,0,0,0,0,0,0,0,0,48000.0
2019,116000,0,1,0,1,0,0,0,0,1,0,0,0,0,0,0,0,1,0,0,40750.0
2023,2000,0,1,0,1,0,0,0,0,1,0,0,0,0,0,0,0,1,0,0,53000.0
2023,0,1,0,0,0,0,0,0,0,1,0,0,1,0,0,0,0,0,0,0,40382.775119617225
2022,42500,0,0,1,0,0,0,1,0,1,0,0,0,0,0,1,0,0,0,0,45000.0
2013,196000,0,1,0,1,0,0,0,0,0,1,0,0,0,0,0,0,0,1,0,20500.0
2022,48208,1,0,0,0,0,0,1,0,1,0,0,0,1,0,0,0,0,0,0,33971.29186602871
2022,74003,1,0,0,0,0,0,1,0,1,0,0,0,1,0,0,0,0,0,0,33014.35311004785
2023,7300,1,0,0,0,0,0,0,0,1,0,0,1,0,0,0,0,0,0,0,37000.0
2015,74000,0,1,0,1,0,0,0,0,0,1,0,0,0,0,0,0,0,1,0,26794.258373205743
2017,123000,0,1,0,1,0,0,0,0,1,0,0,0,0,0,0,0,1,0,0,33000.0
2023,12000,0,1,0,1,0,0,0,0,1,0,0,0,0,0,0,0,1,0,0,54000.0
2021,25000,1,0,0,0,0,0,0,0,1,0,0,1,0,0,0,0,0,0,0,34354.066985645935
2023,2000,1,0,0,0,0,0,0,0,1,0,0,1,0,0,0,0,0,0,0,33999.0
2017,126000,0,1,0,1,0,0,0,0,0,1,0,0,0,0,0,0,1,0,0,33000.0
2022,27200,0,1,0,1,0,0,0,0,1,0,0,0,0,0,0,0,1,0,0,53000.0
2021,50000,1,0,0,0,0,0,1,0,1,0,0,0,1,0,0,0,0,0,0,28500.0
2024,0,0,1,0,1,0,0,0,0,1,0,0,0,0,0,0,0,0,0,0,65000.0
2023,7500,1,0,0,0,0,0,1,0,1,0,0,0,1,0,0,0,0,0,0,33014.354066985645
2017,91000,0,1,0,1,0,0,0,0,0,1,0,0,0,0,0,0,1,0,0,31387.55980861244
2018,39307,0,0,1,0,0,0,1,0,1,0,0,0,0,0,1,0,0,0,0,34500.0
2023,5000,0,1,0,1,0,0,0,0,1,0,0,0,0,0,0,0,1,0,0,58000.0
2019,75000,0,1,0,1,0,0,0,0,1,0,0,0,0,0,0,0,1,0,0,40000.0
2023,0,1,0,0,0,0,0,1,0,1,0,0,0,1,0,0,0,0,0,0,34545.454545454544
2024,999,1,0,0,0,0,0,0,0,1,0,0,1,0,0,0,0,0,0,0,37320.57416267943
2023,1111,0,0,1,0,0,0,0,0,1,0,0,0,0,0,1,0,0,0,0,71000.0
2020,26500,0,1,0,1,0,0,0,0,1,0,0,0,0,0,0,0,1,0,0,44000.0
2022,74000,1,0,0,0,0,0,1,0,1,0,0,0,1,0,0,0,0,0,0,19138.75598086124
2008,200000,0,1,0,1,0,0,0,0,0,1,0,0,0,0,0,0,0,1,0,19000.0
2011,245000,0,1,0,1,0,0,0,0,1,0,0,0,0,0,0,0,0,1,0,24200.0
2008,206000,0,1,0,1,0,0,0,0,1,0,0,0,0,0,0,0,0,1,0,20800.0
2016,42000,0,0,1,0,0,0,1,0,1,0,0,0,0,0,1,0,0,0,0,25500.0
2022,11660,0,1,0,1,0,0,0,0,1,0,0,0,0,0,0,0,1,0,0,47846.88995215311
2016,158000,0,1,0,1,0,0,0,0,1,0,0,0,0,0,0,0,1,0,0,30000.0
2022,27500,0,0,1,0,0,0,0,0,1,0,0,0,0,0,1,0,0,0,0,57750.0
2023,2500,1,0,0,0,0,0,1,0,1,0,0,0,1,0,0,0,0,0,0,65000.0
1997,300000,0,1,0,1,0,0,0,0,0,1,0,0,0,0,0,0,0,1,0,11000.0
2023,1503,0,1,0,1,0,0,0,0,0,0,0,0,0,0,0,0,0,0,0,53900.0
2012,190000,0,0,1,0,0,0,1,0,1,0,0,0,0,1,0,0,0,0,0,13500.0
2016,78732,0,1,0,1,0,0,0,0,1,0,0,0,0,0,0,0,1,0,0,35406.6985645933
2021,30000,1,0,0,0,0,0,1,0,1,0,0,0,1,0,0,0,0,0,0,31000.0
2021,33000,1,0,0,0,0,0,1,0,1,0,0,0,1,0,0,0,0,0,0,23923.44497607656
2022,4900,0,1,0,1,0,0,0,0,1,0,0,0,0,0,0,0,1,0,0,59900.0
2010,217000,0,1,0,1,0,0,0,0,1,0,0,0,0,0,0,0,0,1,0,22500.0
2017,172000,0,1,0,1,0,0,0,0,1,0,0,0,0,0,0,0,1,0,0,32500.0
2023,0,0,1,0,1,0,0,0,0,1,0,0,0,0,0,0,0,1,0,0,60287.08133971292
2021,29800,0,1,0,1,0,0,0,0,1,0,0,0,0,0,0,0,1,0,0,45454.545454545456
2021,48500,0,1,0,1,0,0,0,0,1,0,0,0,0,0,0,0,1,0,0,42000.0
2014,148000,0,0,1,0,0,0,1,0,1,0,0,0,0,0,1,0,0,0,0,21000.0
2024,0,0,1,0,1,0,0,0,0,0,0,0,0,0,0,0,0,0,0,0,55023.92344497608
2024,0,1,0,0,0,0,0,1,0,1,0,0,0,1,0,0,0,0,0,0,29747.36842105263
2008,186000,0,1,0,1,0,0,0,0,1,0,0,0,0,0,0,0,0,1,0,18947.36842105263
2020,40460,0,1,0,1,0,0,0,0,0,1,0,0,0,0,0,0,1,0,0,43500.0
2017,27500,0,1,0,1,0,0,0,0,1,0,0,0,0,0,0,0,1,0,0,42900.0
2024,500,1,0,0,0,0,0,1,0,1,0,0,0,1,0,0,0,0,0,0,26794.258373205743
2022,8300,1,0,0,0,0,0,0,0,1,0,0,1,0,0,0,0,0,0,0,35000.0
2019,1900,0,1,0,1,0,0,0,0,1,0,0,0,0,0,0,0,1,0,0,50000.0
2018,115000,0,1,0,1,0,0,0,0,1,0,0,0,0,0,0,0,1,0,0,35885.167464114835
2023,1111,1,0,0,0,0,0,1,0,1,0,0,0,1,0,0,0,0,0,0,36000.0
2015,160000,0,0,1,0,0,0,1,0,1,0,0,0,0,0,1,0,0,0,0,22000.0
2023,22000,1,0,0,0,0,0,1,0,1,0,0,0,1,0,0,0,0,0,0,35000.0
2023,0,0,1,0,1,0,0,0,0,1,0,0,0,0,0,0,0,1,0,0,58181.81818181818
2023,15000,0,1,0,1,0,0,0,0,1,0,0,0,0,0,0,0,1,0,0,47846.88995215311
2017,165000,0,1,0,1,0,0,0,0,1,0,0,0,0,0,0,0,1,0,0,34000.0
2012,106000,0,0,1,0,0,0,1,0,1,0,0,0,0,1,0,0,0,0,0,14162.67942583732
2024,0,1,0,0,0,0,0,1,0,1,0,0,0,1,0,0,0,0,0,0,29747.36842105263
2014,115900,0,0,1,0,0,0,1,0,1,0,0,0,1,0,0,0,0,0,0,17900.0
2013,126000,0,1,0,1,0,0,0,0,1,0,0,0,0,0,0,0,0,1,0,29000.0
2019,62528,0,1,0,1,0,0,0,0,0,1,0,0,0,0,0,0,1,0,0,38500.0
2021,41085,0,1,0,1,0,0,0,0,0,1,0,0,0,0,0,0,1,0,0,44976.07655502392
2009,152000,0,0,1,0,0,0,1,0,1,0,0,0,0,1,0,0,0,0,0,14600.0
2023,0,1,0,0,0,0,0,0,0,1,0,0,1,0,0,0,0,0,0,0,34066.98564593301
2016,148000,0,1,0,1,0,0,0,0,0,1,0,0,0,0,0,0,1,0,0,29665.07177033493
2023,18000,0,1,0,1,0,0,0,0,1,0,0,0,0,0,0,0,1,0,0,56000.0
2020,23700,0,1,0,1,0,0,0,0,1,0,0,0,0,0,0,0,1,0,0,42000.0
2024,1000,0,1,0,1,0,0,0,0,1,0,0,0,0,0,0,0,1,0,0,59617.224880382775
2023,5000,1,0,0,0,0,0,1,0,1,0,0,0,1,0,0,0,0,0,0,38500.0
2018,70000,0,1,0,1,0,0,0,0,1,0,0,0,0,0,0,0,1,0,0,37000.0
2021,44000,0,0,1,0,0,0,0,0,0,0,0,0,0,0,0,0,0,0,0,48000.0
2019,40000,0,0,1,0,0,0,0,0,0,0,0,0,0,0,0,0,0,0,0,42900.0
2021,24000,0,1,0,1,0,0,0,0,1,0,0,0,0,0,0,0,1,0,0,45900.0
2023,6100,1,0,0,0,0,0,1,0,1,0,0,0,1,0,0,0,0,0,0,37500.0
2022,17500,1,0,0,0,0,0,1,0,1,0,0,0,1,0,0,0,0,0,0,28708.133971291867
2020,90000,0,1,0,1,0,0,0,0,1,0,0,0,0,0,0,0,1,0,0,38500.0
2018,140000,0,1,0,1,0,0,0,0,1,0,0,0,0,0,0,0,1,0,0,36000.0
2024,1400,1,0,0,0,0,0,0,0,1,0,0,1,0,0,0,0,0,0,0,33500.0
2022,23000,0,1,0,1,0,0,0,0,1,0,0,0,0,0,0,0,0,0,0,53110.04784688995
2009,174400,0,1,0,1,0,0,0,0,0,0,0,0,0,0,0,0,0,1,0,22500.0
2013,198000,0,1,0,0,0,0,1,0,1,0,0,0,0,0,0,1,0,0,0,19900.0
2020,66000,0,1,0,1,0,0,0,0,1,0,0,0,0,0,0,0,1,0,0,41900.0
2024,0,1,0,0,0,0,0,1,0,1,0,0,0,1,0,0,0,0,0,0,32344.497607655503
2022,35300,0,1,0,1,0,0,0,0,1,0,0,0,0,0,0,0,1,0,0,50500.0
2012,182000,0,1,0,1,0,0,0,0,1,0,0,0,0,0,0,0,0,1,0,24000.0
2012,134500,0,0,1,0,0,0,1,0,1,0,0,0,0,1,0,0,0,0,0,14832.535885167465
2021,92766,1,0,0,0,0,0,1,0,1,0,0,0,1,0,0,0,0,0,0,26315.78947368421
2017,140000,0,1,0,1,0,0,0,0,1,0,0,0,0,0,0,0,1,0,0,34500.0
2013,104000,0,0,1,0,0,0,1,0,1,0,0,0,0,1,0,0,0,0,0,21052.63157894737
2008,220000,0,1,0,1,0,0,0,0,1,0,0,0,0,0,0,0,0,1,0,18181.81818181818
2012,152000,0,1,0,1,0,0,0,0,1,0,0,0,0,0,0,0,0,1,0,26500.0
2018,80000,0,0,1,0,0,0,1,0,1,0,0,0,1,0,0,0,0,0,0,27000.0
2023,5000,0,1,0,1,0,0,0,0,1,0,0,0,0,0,0,0,1,0,0,62000.0
2014,138000,0,1,0,1,0,0,0,0,0,1,0,0,0,0,0,0,0,1,0,28900.0
2012,281000,0,1,0,1,0,0,0,0,0,1,0,0,0,0,0,0,0,1,0,19138.75598086124
2020,30000,0,1,0,1,0,0,0,0,1,0,0,0,0,0,0,0,1,0,0,46000.0
2023,0,1,0,0,0,0,0,1,0,1,0,0,0,1,0,0,0,0,0,0,35311.004784688994
2011,130000,0,0,1,0,0,0,1,0,1,0,0,0,0,1,0,0,0,0,0,15900.0
2012,96300,0,0,1,0,0,0,1,0,1,0,0,0,0,1,0,0,0,0,0,14500.0
2013,185000,0,1,0,1,0,0,0,0,1,0,0,0,0,0,0,0,0,1,0,23900.0
2023,0,1,0,0,0,0,0,1,0,1,0,0,0,1,0,0,0,0,0,0,33492.82296650718
2010,245000,0,1,0,1,0,0,0,0,1,0,0,0,0,0,0,0,0,1,0,21500.0
2020,46600,0,1,0,1,0,0,0,0,1,0,0,0,0,0,0,0,1,0,0,40000.0
2021,31000,0,1,0,1,0,0,0,0,1,0,0,0,0,0,0,0,1,0,0,49500.0
2023,5000,0,1,0,1,0,0,0,0,1,0,0,0,0,0,0,0,1,0,0,78468.8995215311
2022,15000,0,1,0,1,0,0,0,0,1,0,0,0,0,0,0,0,1,0,0,59000.0
2023,0,1,0,0,0,0,0,1,0,1,0,0,0,1,0,0,0,0,0,0,28602.87081339713
2016,170000,0,1,0,1,0,0,0,0,1,0,0,0,0,0,0,0,1,0,0,32000.0
2008,300000,0,1,0,1,0,0,0,0,0,1,0,0,0,0,0,0,0,1,0,20500.0
2023,1000,0,0,1,0,0,1,0,0,1,0,0,0,0,0,1,0,0,0,0,70000.0
2014,192000,0,1,0,1,0,0,0,0,1,0,0,0,0,0,0,0,0,1,0,26500.0
2022,7200,1,0,0,0,0,0,1,0,1,0,0,0,1,0,0,0,0,0,0,34000.0
2018,35000,0,0,1,0,0,0,1,0,1,0,0,0,0,0,1,0,0,0,0,35500.0
2023,500,1,0,0,0,0,0,0,0,1,0,0,1,0,0,0,0,0,0,0,34000.0
2023,1111,1,0,0,0,0,1,0,0,1,0,0,0,1,0,0,0,0,0,0,33500.0
2017,65000,0,1,0,1,0,0,0,0,1,0,0,0,0,0,0,0,1,0,0,37000.0
2023,0,1,0,0,0,0,0,1,0,1,0,0,0,1,0,0,0,0,0,0,33492.82296650718
2018,100000,0,1,0,1,0,0,0,0,1,0,0,0,0,0,0,0,1,0,0,39000.0
2023,10700,1,0,0,0,0,1,0,0,1,0,0,0,0,0,0,0,0,0,0,38181.81818181818
2022,13800,1,0,0,0,0,0,1,0,1,0,0,0,1,0,0,0,0,0,0,31510.0
2023,0,1,0,0,0,0,0,0,0,1,0,0,1,0,0,0,0,0,0,0,41148.32535885168
2011,213184,0,1,0,1,0,0,0,0,1,0,0,0,0,0,0,0,0,1,0,19617.22488038277
2023,40846,1,0,0,0,0,0,1,0,1,0,0,0,1,0,0,0,0,0,0,27655.502392344497
2023,111111,1,0,0,0,0,0,0,0,1,0,0,1,0,0,0,0,0,0,0,33990.0
2008,285000,0,1,0,1,0,0,0,0,1,0,0,0,0,0,0,0,0,1,0,18181.81818181818
2022,11660,0,1,0,1,0,0,0,0,1,0,0,0,0,0,0,0,1,0,0,47846.88995215311
2008,285000,0,1,0,1,0,0,0,0,1,0,0,0,0,0,0,0,0,1,0,21000.0
2017,128128,0,1,0,1,0,0,0,0,1,0,0,0,0,0,0,0,1,0,0,33971.29186602871
2023,0,0,1,0,1,0,0,0,0,1,0,0,0,0,0,0,0,1,0,0,56459.33014354067
2002,250000,0,0,1,0,0,0,1,0,1,0,0,0,1,0,0,0,0,0,0,8990.0
2022,38000,0,1,0,1,0,0,0,0,1,0,0,0,0,0,0,0,1,0,0,51800.0
2017,140000,0,1,0,1,0,0,0,0,1,0,0,0,0,0,0,0,1,0,0,34354.066985645935
2009,345000,0,1,0,1,0,0,0,0,1,0,0,0,0,0,0,0,0,1,0,18000.0
2008,200000,0,1,0,1,0,0,0,0,0,1,0,0,0,0,0,0,0,1,0,19010.0
2020,80000,0,1,0,1,0,0,0,0,1,0,0,0,0,0,0,0,1,0,0,42000.0
2023,26000,0,1,0,1,0,0,0,0,1,0,0,0,0,0,0,0,1,0,0,48000.0
2013,185000,0,1,0,1,0,0,0,0,0,1,0,0,0,0,0,0,0,1,0,23913.875598086124
2018,90000,0,1,0,1,0,0,0,0,0,1,0,0,0,0,0,0,1,0,0,33397.12918660287
2023,10000,1,0,0,0,0,0,1,0,1,0,0,0,1,0,0,0,0,0,0,30000.0
2019,50120,0,0,1,0,0,0,1,0,1,0,0,0,1,0,0,0,0,0,0,27655.502392344497
2015,64000,0,1,0,1,0,0,0,0,0,1,0,0,0,0,0,0,0,1,0,30500.0
2020,69000,0,1,0,1,0,0,0,0,1,0,0,0,0,0,0,0,1,0,0,43000.0
2023,8000,0,1,0,1,0,0,0,0,1,0,0,0,0,0,0,0,1,0,0,51578.94736842105
2023,6400,0,1,0,1,0,0,0,0,1,0,0,0,0,0,0,0,1,0,0,59000.0
2017,123000,0,1,0,1,0,0,0,0,1,0,0,0,0,0,0,0,1,0,0,35000.0
2023,4000,0,1,0,1,0,0,0,0,1,0,0,0,0,0,0,0,1,0,0,54500.0
2022,37000,0,1,0,1,0,0,0,0,1,0,0,0,0,0,0,0,1,0,0,59500.0
2023,3100,1,0,0,0,0,0,0,0,1,0,0,1,0,0,0,0,0,0,0,32440.191387559807
2021,115000,0,1,0,1,0,0,0,0,1,0,0,0,0,0,0,0,1,0,0,43062.2009569378
2023,3992,1,0,0,0,0,0,1,0,1,0,0,0,1,0,0,0,0,0,0,38900.0
2023,15500,1,0,0,0,0,0,0,0,1,0,0,1,0,0,0,0,0,0,0,39999.0
2006,280000,0,1,0,1,0,0,0,0,0,1,0,0,0,0,0,0,0,1,0,16267.942583732058
2015,122000,0,1,0,1,0,0,0,0,0,0,0,0,0,0,0,0,0,1,0,28708.133971291867
2021,70000,0,0,1,0,0,0,1,0,1,0,0,0,0,0,1,0,0,0,0,48900.0
2012,186300,0,1,0,1,0,0,0,0,1,0,0,0,0,0,0,0,0,1,0,24500.0
2023,1548,0,1,0,1,0,0,0,0,1,0,0,0,0,0,0,0,1,0,0,51674.64114832536
2022,52397,1,0,0,0,0,0,1,0,1,0,0,0,1,0,0,0,0,0,0,23827.75119617225
2008,196000,0,1,0,0,1,0,0,0,0,1,0,0,0,0,0,0,0,1,0,18500.0
2016,180000,0,1,0,1,0,0,0,0,1,0,0,0,0,0,0,0,1,0,0,33492.82296650718
2020,123000,0,1,0,1,0,0,0,0,1,0,0,0,0,0,0,0,1,0,0,41500.0
2006,245000,0,1,0,1,0,0,0,0,0,1,0,0,0,0,0,0,0,1,0,17000.0
2019,80000,0,1,0,1,0,0,0,0,0,1,0,0,0,0,0,0,1,0,0,35406.6985645933
2020,67746,0,1,0,1,0,0,0,0,1,0,0,0,0,0,0,0,1,0,0,41000.0
2023,0,0,1,0,1,0,0,0,0,1,0,0,0,0,0,0,0,1,0,0,58373.20574162679
2006,283307,0,1,0,1,0,0,0,0,0,1,0,0,0,0,0,0,0,1,0,19000.0
2018,126402,0,1,0,1,0,0,0,0,1,0,0,0,0,0,0,0,1,0,0,39234.44976076555
2019,95000,0,1,0,1,0,0,0,0,1,0,0,0,0,0,0,0,1,0,0,37500.0
2023,0,0,1,0,1,0,0,0,0,1,0,0,0,0,0,0,0,1,0,0,58181.81818181818
2014,158000,0,0,1,0,0,0,1,0,1,0,0,0,0,0,1,0,0,0,0,22800.0
2023,1200,1,0,0,0,0,0,0,0,1,0,0,1,0,0,0,0,0,0,0,34000.0
2011,320000,0,1,0,1,0,0,0,0,0,1,0,0,0,0,0,0,0,1,0,21000.0
2022,91000,1,0,0,0,0,0,1,0,1,0,0,0,1,0,0,0,0,0,0,28612.44019138756
2017,135000,0,1,0,1,0,0,0,0,1,0,0,0,0,0,0,0,1,0,0,34440.095693779906
2022,22000,1,0,0,0,0,0,0,0,1,0,0,1,0,0,0,0,0,0,0,33490.0
2017,64000,0,1,0,1,0,0,0,0,1,0,0,0,0,0,0,0,1,0,0,40000.0
2023,9800,0,1,0,1,0,0,0,0,1,0,0,0,0,0,0,0,1,0,0,69999.0
2022,90000,0,1,0,1,0,0,0,0,1,0,0,0,0,0,0,0,0,0,0,48000.0
2021,48500,1,0,0,0,0,0,0,0,1,0,0,1,0,0,0,0,0,0,0,30526.315789473683
2021,79000,0,1,0,1,0,0,0,0,1,0,0,0,0,0,0,0,1,0,0,45000.0
2011,100000,0,1,0,1,0,0,0,0,1,0,0,0,0,0,0,0,0,1,0,17224.880382775118
2012,165000,0,1,0,1,0,0,0,0,0,1,0,0,0,0,0,0,0,1,0,23923.44497607656
2008,281000,0,1,0,1,0,0,0,0,0,1,0,0,0,0,0,0,0,1,0,18300.0
2012,135762,0,1,0,1,0,0,0,0,0,1,0,0,0,0,0,0,0,1,0,24950.0
2021,43000,0,1,0,1,0,0,0,0,1,0,0,0,0,0,0,0,1,0,0,53000.0
2017,147000,0,1,0,1,0,0,0,0,1,0,0,0,0,0,0,0,1,0,0,34000.0
2017,133000,0,1,0,1,0,0,0,0,0,1,0,0,0,0,0,0,1,0,0,34354.066985645935
2009,260000,0,1,0,1,0,0,0,0,0,1,0,0,0,0,0,0,0,1,0,20000.0
2017,100000,0,1,0,1,0,0,0,0,1,0,0,0,0,0,0,0,1,0,0,33000.0
2018,50000,0,1,0,1,0,0,0,0,0,1,0,0,0,0,0,0,1,0,0,41000.0
2022,6700,0,1,0,1,0,0,0,0,1,0,0,0,0,0,0,0,1,0,0,56000.0
2024,0,1,0,0,0,0,0,1,0,1,0,0,0,1,0,0,0,0,0,0,36267.94258373206
2023,4100,0,1,0,1,0,0,0,0,1,0,0,0,0,0,0,0,1,0,0,53000.0
2013,175000,0,1,0,1,0,0,0,0,0,1,0,0,0,0,0,0,0,1,0,27272.727272727272
2010,220000,0,1,0,1,0,0,0,0,1,0,0,0,0,0,0,0,0,1,0,26000.0
2007,170000,0,1,0,1,0,0,0,0,1,0,0,0,0,0,0,0,0,1,0,19043.06220095693
2001,332000,0,1,0,1,0,0,0,0,0,1,0,0,0,0,0,0,0,1,0,11483.253588516747
2022,1111,0,1,0,1,0,0,0,0,1,0,0,0,0,0,0,0,1,0,0,53600.0
2018,88000,0,0,1,0,0,0,1,0,1,0,0,0,0,0,1,0,0,0,0,26000.0
2022,26000,1,0,0,0,0,0,0,0,1,0,0,1,0,0,0,0,0,0,0,33700.0
2024,0,1,0,0,0,0,0,1,0,1,0,0,0,1,0,0,0,0,0,0,33971.29186602871
2023,0,0,1,0,1,0,0,0,0,1,0,0,0,0,0,0,0,1,0,0,53687.36842105263
2016,187000,0,1,0,1,0,0,0,0,1,0,0,0,0,0,0,0,1,0,0,33500.0
2009,163000,0,1,0,1,0,0,0,0,0,1,0,0,0,0,0,0,0,1,0,20000.0
2019,88250,0,0,1,0,0,0,1,0,1,0,0,0,0,0,1,0,0,0,0,44019.13875598087
2022,12600,1,0,0,0,0,0,0,0,1,0,0,1,0,0,0,0,0,0,0,30900.0
2018,58000,0,1,0,1,0,0,0,0,1,0,0,0,0,0,0,0,1,0,0,38000.0
2005,195000,0,1,0,1,0,0,0,0,0,1,0,0,0,0,0,0,0,1,0,14918.66028708134
2024,1001,1,0,0,0,0,0,0,0,1,0,0,1,0,0,0,0,0,0,0,39900.0
2023,9600,1,0,0,0,0,0,1,0,1,0,0,0,1,0,0,0,0,0,0,35500.0
2017,90000,0,0,1,0,0,0,1,0,1,0,0,0,1,0,0,0,0,0,0,29000.0
2016,118140,0,1,0,1,0,0,0,0,1,0,0,0,0,0,0,0,1,0,0,35000.0
2008,175000,0,1,0,1,0,0,0,0,0,1,0,0,0,0,0,0,0,1,0,19000.0
2023,2100,0,1,0,1,0,0,0,0,1,0,0,0,0,0,0,0,1,0,0,53000.0
2023,500,0,1,0,1,0,0,0,0,1,0,0,0,0,0,0,0,1,0,0,47500.0
2019,206000,0,1,0,1,0,0,0,0,1,0,0,0,0,0,0,0,1,0,0,33900.0
2023,8200,1,0,0,0,0,0,1,0,1,0,0,0,1,0,0,0,0,0,0,36750.0
2023,15000,1,0,0,0,0,0,1,0,1,0,0,0,1,0,0,0,0,0,0,34500.0
2023,3500,1,0,0,0,0,0,0,0,1,0,0,1,0,0,0,0,0,0,0,38900.0
2023,20000,1,0,0,0,0,0,1,0,1,0,0,0,1,0,0,0,0,0,0,28300.0
2022,1500,1,0,0,0,0,0,1,0,1,0,0,0,1,0,0,0,0,0,0,33492.82296650718
2021,67000,0,1,0,1,0,0,0,0,1,0,0,0,0,0,0,0,1,0,0,44500.0
2009,235000,0,1,0,1,0,0,0,0,1,0,0,0,0,0,0,0,0,1,0,22000.0
2008,130000,0,0,1,0,0,0,1,0,1,0,0,0,0,1,0,0,0,0,0,11952.057416267942
2022,40000,0,1,0,1,0,0,0,0,1,0,0,0,0,0,0,0,1,0,0,50000.0
2021,8935,0,1,0,1,0,0,0,0,0,1,0,0,0,0,0,0,1,0,0,50000.0
2019,71000,0,1,0,1,0,0,0,0,1,0,0,0,0,0,0,0,1,0,0,33000.0
2024,0,1,0,0,0,0,0,0,0,1,0,0,1,0,0,0,0,0,0,0,32516.74641148325
2023,0,0,1,0,1,0,0,0,0,1,0,0,0,0,0,0,0,1,0,0,53540.66985645933
2016,208000,0,1,0,1,0,0,0,0,1,0,0,0,0,0,0,0,1,0,0,30143.54066985646
2012,215000,0,1,0,1,0,0,0,0,0,1,0,0,0,0,0,0,0,1,0,27500.0
2012,210000,0,1,0,1,0,0,0,0,1,0,0,0,0,0,0,0,0,1,0,22000.0
2023,0,0,1,0,0,1,0,0,0,1,0,0,0,0,0,0,0,1,0,0,55023.92344497608
1999,298000,0,1,0,1,0,0,0,0,0,1,0,0,0,0,0,0,0,1,0,13500.0
2022,6300,0,1,0,1,0,0,0,0,1,0,0,0,0,0,0,0,1,0,0,2264.018181818182
2022,34985,1,0,0,0,0,0,1,0,1,0,0,0,1,0,0,0,0,0,0,30143.54066985646
2021,28000,0,0,1,0,0,1,0,0,1,0,0,0,0,0,0,0,0,0,0,54000.0
2013,220000,0,1,0,1,0,0,0,0,1,0,0,0,0,0,0,0,0,1,0,26300.0
2014,150000,0,0,1,0,0,0,1,0,1,0,0,0,1,0,0,0,0,0,0,20000.0
2019,57000,0,1,0,1,0,0,0,0,1,0,0,0,0,0,0,0,1,0,0,42000.0
2021,40000,1,0,0,0,0,0,1,0,1,0,0,0,1,0,0,0,0,0,0,27000.0
2022,73033,0,0,1,0,0,1,0,0,1,0,0,0,0,0,0,0,0,0,0,55800.0
2017,150000,0,1,0,1,0,0,0,0,1,0,0,0,0,0,0,0,1,0,0,34449.76076555024
2018,90000,0,1,0,1,0,0,0,0,1,0,0,0,0,0,0,0,1,0,0,39900.0
2021,47000,0,1,0,0,1,0,0,0,1,0,0,0,0,0,0,0,1,0,0,47000.0
2014,60000,0,1,0,0,0,0,1,0,1,0,0,0,0,0,0,1,0,0,0,23500.0
2020,46500,0,1,0,1,0,0,0,0,1,0,0,0,0,0,0,0,1,0,0,41900.0
2021,16500,1,0,0,0,0,0,1,0,1,0,0,0,1,0,0,0,0,0,0,29000.0
2022,47833,0,1,0,1,0,0,0,0,1,0,0,0,0,0,0,0,1,0,0,44880.382775119615
2024,1500,1,0,0,0,0,0,1,0,1,0,0,0,0,0,0,0,0,0,0,35406.6985645933
2016,160000,0,1,0,1,0,0,0,0,0,1,0,0,0,0,0,0,1,0,0,31578.947368421053
2006,175000,0,1,0,1,0,0,0,0,1,0,0,0,0,0,0,0,0,1,0,19200.0
2023,2500,0,1,0,1,0,0,0,0,1,0,0,0,0,0,0,0,1,0,0,55000.0
2023,2023,0,1,0,1,0,0,0,0,1,0,0,0,0,0,0,0,1,0,0,57000.0
2024,0,1,0,0,0,0,0,1,0,1,0,0,0,0,0,0,0,0,0,1,39500.0
2011,170000,0,1,0,1,0,0,0,0,1,0,0,0,0,0,0,0,0,1,0,23900.0
2023,0,0,1,0,1,0,0,0,0,1,0,0,0,0,0,0,0,1,0,0,53588.516746411486
2021,41000,1,0,0,0,0,0,0,0,1,0,0,1,0,0,0,0,0,0,0,32500.0
2018,163000,0,1,0,1,0,0,0,0,1,0,0,0,0,0,0,0,1,0,0,32535.88516746412
2024,0,1,0,0,0,0,0,0,0,1,0,0,1,0,0,0,0,0,0,0,38500.0
2023,9000,1,0,0,0,0,0,1,0,1,0,0,0,1,0,0,0,0,0,0,30622.00956937799
2024,500,1,0,0,0,0,0,1,0,1,0,0,0,1,0,0,0,0,0,0,41000.0
2011,170000,0,1,0,1,0,0,0,0,1,0,0,0,0,0,0,0,0,1,0,20000.0
2021,35000,1,0,0,0,0,0,0,0,1,0,0,1,0,0,0,0,0,0,0,32000.0
2022,18000,1,0,0,0,0,0,1,0,1,0,0,0,1,0,0,0,0,0,0,33000.0
2014,51598,0,0,1,0,0,0,1,0,1,0,1,0,0,0,0,0,0,0,0,23846.88995215311
2020,40900,0,0,1,0,0,1,0,0,1,0,0,0,0,0,1,0,0,0,0,43500.0
2022,54000,1,0,0,0,0,0,0,0,1,0,0,1,0,0,0,0,0,0,0,29000.0
2023,9000,0,1,0,1,0,0,0,0,1,0,0,0,0,0,0,0,1,0,0,51500.0
2023,11950,1,0,0,0,0,0,1,0,1,0,0,0,1,0,0,0,0,0,0,32248.803827751195
2022,12000,1,0,0,0,0,0,0,0,1,0,0,1,0,0,0,0,0,0,0,33900.0
2008,235000,0,0,1,0,0,0,1,0,1,0,0,0,0,1,0,0,0,0,0,12000.0
2014,96000,0,0,1,0,0,0,1,0,1,0,0,0,1,0,0,0,0,0,0,20000.0
2009,156000,0,0,1,0,0,0,1,0,1,0,0,0,0,1,0,0,0,0,0,12000.0
2024,0,1,0,0,0,0,0,0,0,1,0,0,1,0,0,0,0,0,0,0,38500.0
2022,27000,1,0,0,0,0,0,1,0,1,0,0,0,1,0,0,0,0,0,0,30990.0
2011,280000,0,1,0,1,0,0,0,0,1,0,0,0,0,0,0,0,0,1,0,23000.0
2017,121500,0,1,0,1,0,0,0,0,1,0,0,0,0,0,0,0,1,0,0,37000.0
2023,27500,0,1,0,1,0,0,0,0,1,0,0,0,0,0,0,0,1,0,0,54066.98564593301
2017,72000,0,1,0,1,0,0,0,0,1,0,0,0,0,0,0,0,1,0,0,35406.6985645933
2024,500,1,0,0,0,0,0,1,0,1,0,0,0,1,0,0,0,0,0,0,35400.0
2017,195000,0,1,0,1,0,0,0,0,1,0,0,0,0,0,0,0,1,0,0,31800.0
2021,13000,0,1,0,1,0,0,0,0,1,0,0,0,0,0,0,0,1,0,0,45900.0
2008,241000,0,0,1,0,0,0,0,1,1,0,0,0,0,1,0,0,0,0,0,10047.846889952154
2022,111111,0,1,0,1,0,0,0,0,1,0,0,0,0,0,0,0,1,0,0,53000.0
2011,150800,0,1,0,1,0,0,0,0,0,1,0,0,0,0,0,0,0,1,0,25000.0
2019,150000,0,1,0,1,0,0,0,0,1,0,0,0,0,0,0,0,1,0,0,38277.511961722485
2023,0,1,0,0,0,0,0,0,0,1,0,0,1,0,0,0,0,0,0,0,3435.406698564593
2022,35000,0,1,0,1,0,0,0,0,1,0,0,0,0,0,0,0,0,0,0,55900.0
2019,79500,0,1,0,1,0,0,0,0,0,1,0,0,0,0,0,0,1,0,0,33000.0
2021,44200,1,0,0,0,0,0,1,0,1,0,0,0,1,0,0,0,0,0,0,32000.0
2023,0,0,1,0,1,0,0,0,0,1,0,0,0,0,0,0,0,1,0,0,58851.674641148325
2017,117000,0,1,0,1,0,0,0,0,1,0,0,0,0,0,0,0,1,0,0,35900.0
2013,141000,0,1,0,1,0,0,0,0,1,0,0,0,0,0,0,0,0,1,0,24800.0
2022,20000,1,0,0,0,0,0,1,0,1,0,0,0,1,0,0,0,0,0,0,33500.0
2019,59000,0,0,1,0,0,0,0,0,1,0,0,0,0,0,0,0,0,0,0,42000.0
2011,240000,0,1,0,1,0,0,0,0,1,0,0,0,0,0,0,0,0,1,0,19900.0
2021,30000,0,0,1,0,0,0,0,0,1,0,0,0,0,0,1,0,0,0,0,54000.0
2006,366000,0,1,0,1,0,0,0,0,1,0,0,0,0,0,0,0,0,1,0,17000.0
2008,131000,0,1,0,1,0,0,0,0,0,1,0,0,0,0,0,0,0,1,0,18800.0
2023,6200,1,0,0,0,0,0,1,0,1,0,0,0,1,0,0,0,0,0,0,33700.0
2017,147000,0,1,0,1,0,0,0,0,1,0,0,0,0,0,0,0,1,0,0,31000.0
2011,236000,0,1,0,1,0,0,0,0,1,0,0,0,0,0,0,0,0,1,0,25000.0
2021,56000,0,1,0,1,0,0,0,0,1,0,0,0,0,0,0,0,1,0,0,45500.0
2010,370000,0,1,0,1,0,0,0,0,0,1,0,0,0,0,0,0,0,1,0,18500.0
2023,9500,1,0,0,0,0,0,0,0,1,0,0,1,0,0,0,0,0,0,0,38086.12440191388
2009,237500,0,1,0,1,0,0,0,0,0,1,0,0,0,0,0,0,0,1,0,20000.0
2024,1600,1,0,0,0,0,0,0,0,1,0,0,0,0,0,0,0,0,0,1,38900.0
2017,105000,0,1,0,1,0,0,0,0,1,0,0,0,0,0,0,0,1,0,0,35000.0
2012,145000,0,0,1,0,0,0,1,0,1,0,0,0,0,1,0,0,0,0,0,14500.0
2019,23000,0,1,0,1,0,0,0,0,1,0,0,0,0,0,0,0,1,0,0,46000.0
2018,141000,0,1,0,1,0,0,0,0,1,0,0,0,0,0,0,0,1,0,0,33800.0
2019,70000,0,0,1,0,0,0,1,0,1,0,0,0,0,0,1,0,0,0,0,40000.0
2021,53000,0,1,0,1,0,0,0,0,1,0,0,0,0,0,0,0,1,0,0,44000.0
2022,45000,0,0,1,0,0,0,0,0,1,0,0,0,0,0,1,0,0,0,0,54000.0
2008,130000,0,0,1,0,0,0,1,0,1,0,0,0,0,1,0,0,0,0,0,11952.057416267942
2013,191000,0,1,0,1,0,0,0,0,1,0,0,0,0,0,0,0,0,1,0,25000.0
2011,214000,0,1,0,1,0,0,0,0,1,0,0,0,0,0,0,0,0,1,0,18400.0
2007,275000,0,1,0,1,0,0,0,0,1,0,0,0,0,0,0,0,0,1,0,17224.880382775118
2023,500,1,0,0,0,0,0,1,0,1,0,0,0,1,0,0,0,0,0,0,31900.0
2024,1000,1,0,0,0,0,0,1,0,1,0,0,0,1,0,0,0,0,0,0,31500.0
2022,36618,1,0,0,0,0,0,0,0,1,0,0,1,0,0,0,0,0,0,0,34928.22966507177
2024,0,1,0,0,0,0,0,1,0,1,0,0,0,1,0,0,0,0,0,0,38277.511961722485
2021,90249,0,1,0,1,0,0,0,0,1,0,0,0,0,0,0,0,1,0,0,44976.07655502392
2023,0,1,0,0,0,0,0,1,0,1,0,0,0,1,0,0,0,0,0,0,31849.76076555024
2023,0,1,0,0,0,0,0,1,0,1,0,0,0,1,0,0,0,0,0,0,12398.086124401914
2022,28000,1,0,0,0,0,0,1,0,1,0,0,0,0,0,0,0,0,0,0,32535.88516746412
2020,68000,0,0,1,0,0,0,1,0,1,0,0,0,0,0,1,0,0,0,0,43000.0
2017,128128,0,1,0,1,0,0,0,0,1,0,0,0,0,0,0,0,1,0,0,33971.29186602871
2008,197000,0,1,0,1,0,0,0,0,0,1,0,0,0,0,0,0,0,1,0,19300.0
2007,230000,0,1,0,1,0,0,0,0,1,0,0,0,0,0,0,0,0,1,0,21000.0
2024,0,1,0,0,0,0,0,1,0,1,0,0,0,1,0,0,0,0,0,0,35406.6985645933
2024,0,0,1,0,1,0,0,0,0,0,0,0,0,0,0,0,0,1,0,0,55406.6985645933
2014,190000,0,1,0,1,0,0,0,0,1,0,0,0,0,0,0,0,0,1,0,25900.0
2009,169000,0,1,0,1,0,0,0,0,0,1,0,0,0,0,0,0,0,1,0,21400.0
2013,128000,0,0,1,0,0,0,1,0,1,0,0,0,0,1,0,0,0,0,0,13397.129186602871
2024,0,1,0,0,0,0,0,0,0,1,0,0,0,0,0,0,0,0,0,0,39500.0
2023,0,1,0,0,0,0,0,1,0,1,0,0,0,1,0,0,0,0,0,0,29747.36842105263
2018,134000,0,1,0,1,0,0,0,0,1,0,0,0,0,0,0,0,1,0,0,36000.0
2022,13800,1,0,0,0,0,0,1,0,1,0,0,0,1,0,0,0,0,0,0,31291.866028708133
2017,27000,0,1,0,1,0,0,0,0,0,1,0,0,0,0,0,0,1,0,0,33000.0
2023,10000,1,0,0,0,0,0,1,0,1,0,0,0,1,0,0,0,0,0,0,31100.47846889952
2019,94000,0,1,0,1,0,0,0,0,1,0,0,0,0,0,0,0,1,0,0,38000.0
2022,20000,0,1,0,1,0,0,0,0,1,0,0,0,0,0,0,0,1,0,0,49000.0
2018,71800,0,1,0,1,0,0,0,0,1,0,0,0,0,0,0,0,1,0,0,38500.0
2017,61000,0,1,0,1,0,0,0,0,1,0,0,0,0,0,0,0,1,0,0,39000.0
2023,16663,1,0,0,0,0,0,1,0,1,0,0,0,1,0,0,0,0,0,0,28612.44019138756
2022,32000,0,1,0,1,0,0,0,0,1,0,0,0,0,0,0,0,1,0,0,54000.0
2017,88000,0,1,0,1,0,0,0,0,1,0,0,0,0,0,0,0,1,0,0,40191.387559808616
2018,160000,0,1,0,1,0,0,0,0,1,0,0,0,0,0,0,0,1,0,0,39800.0
2022,17000,1,0,0,0,0,0,1,0,1,0,0,0,1,0,0,0,0,0,0,32500.0
2020,45773,0,0,1,0,0,0,0,0,1,0,0,0,0,0,1,0,0,0,0,48000.0
2023,1550,0,1,0,1,0,0,0,0,1,0,0,0,0,0,0,0,1,0,0,59900.0
2022,8000,0,0,1,0,0,0,0,0,1,0,0,0,0,0,1,0,0,0,0,67900.0
2023,0,1,0,0,0,0,0,1,0,1,0,0,0,1,0,0,0,0,0,0,1387.5598086124403
2021,16000,0,1,0,1,0,0,0,0,1,0,0,0,0,0,0,0,1,0,0,50000.0
2023,0,1,0,0,0,0,0,0,0,1,0,0,1,0,0,0,0,0,0,0,31137.7990430622
2022,81501,0,1,0,1,0,0,0,0,1,0,0,0,0,0,0,0,1,0,0,42583.732057416266
2023,0,1,0,0,0,0,0,0,0,1,0,0,1,0,0,0,0,0,0,0,37320.57416267943
2018,88000,0,0,1,0,0,0,1,0,1,0,0,0,1,0,0,0,0,0,0,24100.0
2013,124000,0,1,0,1,0,0,0,0,0,1,0,0,0,0,0,0,0,1,0,26800.0
2013,307000,0,1,0,1,0,0,0,0,0,1,0,0,0,0,0,0,0,1,0,25000.0
2024,1000,1,0,0,0,0,0,1,0,1,0,0,0,1,0,0,0,0,0,0,34449.76076555024
2016,220000,0,1,0,1,0,0,0,0,1,0,0,0,0,0,0,0,1,0,0,32000.0
2012,152435,0,0,1,0,0,0,1,0,1,0,0,0,0,1,0,0,0,0,0,14000.0
2021,24000,0,1,0,1,0,0,0,0,0,1,0,0,0,0,0,0,1,0,0,45000.0
2020,144000,0,1,0,1,0,0,0,0,1,0,0,0,0,0,0,0,1,0,0,40191.387559808616
2022,28000,1,0,0,0,0,0,1,0,1,0,0,0,1,0,0,0,0,0,0,32499.0
2023,18637,0,1,0,1,0,0,0,0,1,0,0,0,0,0,0,0,1,0,0,53588.516746411486
2016,178500,0,1,0,1,0,0,0,0,0,1,0,0,0,0,0,0,1,0,0,30000.0
2008,285000,0,1,0,1,0,0,0,0,1,0,0,0,0,0,0,0,0,1,0,20500.0
2023,0,0,1,0,0,0,0,0,1,1,0,0,0,0,0,0,0,1,0,0,85263.15789473684
2023,3600,0,1,0,1,0,0,0,0,1,0,0,0,0,0,0,0,1,0,0,60500.0
2023,6800,0,1,0,1,0,0,0,0,1,0,0,0,0,0,0,0,1,0,0,55000.0
2022,60000,0,1,0,1,0,0,0,0,1,0,0,0,0,0,0,0,1,0,0,56000.0
2017,91000,0,1,0,1,0,0,0,0,1,0,0,0,0,0,0,0,1,0,0,38500.0
2023,0,1,0,0,0,0,0,1,0,1,0,0,0,1,0,0,0,0,0,0,35000.0
2023,10000,1,0,0,0,0,0,1,0,1,0,0,0,1,0,0,0,0,0,0,34000.0
2017,110000,0,0,1,0,0,0,1,0,1,0,0,0,0,0,1,0,0,0,0,27900.0
2024,550,1,0,0,0,0,0,0,0,1,0,0,1,0,0,0,0,0,0,0,37224.88038277512
2023,8002,0,1,0,1,0,0,0,0,1,0,0,0,0,0,0,0,1,0,0,53500.0
2023,2000,1,0,0,0,0,0,1,0,1,0,0,0,1,0,0,0,0,0,0,33900.0
2008,210000,0,1,0,1,0,0,0,0,0,1,0,0,0,0,0,0,0,1,0,18900.0
2015,160000,0,1,0,0,0,0,1,0,1,0,0,0,0,0,0,1,0,0,0,26500.0
2007,209000,0,1,0,1,0,0,0,0,0,1,0,0,0,0,0,0,0,1,0,16990.0
2013,140000,0,0,1,0,0,0,1,0,1,0,0,0,1,0,0,0,0,0,0,17703.34928229665
2021,51000,0,1,0,1,0,0,0,0,0,1,0,0,0,0,0,0,1,0,0,45500.0
2012,90000,0,0,1,0,0,0,1,0,1,0,0,0,0,1,0,0,0,0,0,14500.0
2023,4500,1,0,0,0,0,0,1,0,1,0,0,0,1,0,0,0,0,0,0,33000.0
2023,0,0,1,0,1,0,0,0,0,1,0,0,0,0,0,0,0,1,0,0,54880.382775119615
2021,24400,1,0,0,0,0,0,1,0,1,0,0,0,1,0,0,0,0,0,0,28700.0
2019,55000,0,1,0,1,0,0,0,0,1,0,0,0,0,0,0,0,1,0,0,41500.0
2022,31500,1,0,0,0,0,0,1,0,1,0,0,0,1,0,0,0,0,0,0,26794.258373205743
2023,10000,0,1,0,1,0,0,0,0,1,0,0,0,0,0,0,0,1,0,0,55000.0
2021,38000,1,0,0,0,0,0,1,0,1,0,0,0,1,0,0,0,0,0,0,25741.531100478467
2022,50600,1,0,0,0,0,0,1,0,1,0,0,0,0,0,0,0,0,0,0,34162.67942583732
2021,71000,1,0,0,0,0,0,0,0,1,0,0,1,0,0,0,0,0,0,0,30143.531100478467
2024,0,1,0,0,0,0,0,1,0,1,0,0,0,1,0,0,0,0,0,0,36267.94258373206
2022,25000,1,0,0,0,0,0,1,0,1,0,0,0,1,0,0,0,0,0,0,35900.0
1997,535000,0,1,0,1,0,0,0,0,0,1,0,0,0,0,0,0,0,1,0,15000.0
2020,67500,0,0,1,0,0,1,0,0,1,0,0,0,0,0,1,0,0,0,0,48000.0
2008,198000,0,0,1,0,0,0,1,0,1,0,0,0,0,1,0,0,0,0,0,11661.244019138756
2019,88000,0,1,0,1,0,0,0,0,1,0,0,0,0,0,0,0,1,0,0,40000.0
2023,1000,1,0,0,0,0,0,0,0,1,0,0,1,0,0,0,0,0,0,0,37224.88038277512
2012,190000,0,0,1,0,0,0,1,0,1,0,0,0,0,1,0,0,0,0,0,13500.0
2011,221000,0,1,0,1,0,0,0,0,1,0,0,0,0,0,0,0,0,1,0,22000.0
2024,0,1,0,0,0,0,0,1,0,1,0,0,0,1,0,0,0,0,0,0,34449.76076555024
2007,290000,0,1,0,1,0,0,0,0,0,1,0,0,0,0,0,0,0,1,0,17703.34928229665
2019,63000,0,1,0,1,0,0,0,0,0,1,0,0,0,0,0,0,1,0,0,34500.0
2020,35000,0,1,0,1,0,0,0,0,1,0,0,0,0,0,0,0,1,0,0,44000.0
2016,110000,0,1,0,1,0,0,0,0,1,0,0,0,0,0,0,0,1,0,0,33500.0
2002,275000,0,1,0,1,0,0,0,0,0,1,0,0,0,0,0,0,0,1,0,10500.0
2017,123000,0,1,0,1,0,0,0,0,1,0,0,0,0,0,0,0,1,0,0,39500.0
2023,550,1,0,0,0,0,0,1,0,1,0,0,0,1,0,0,0,0,0,0,31500.0
2021,90000,0,1,0,1,0,0,0,0,1,0,0,0,0,0,0,0,1,0,0,49000.0
2024,0,0,1,0,1,0,0,0,0,1,0,0,0,0,0,0,0,0,0,0,62000.0
2023,14990,0,1,0,1,0,0,0,0,1,0,0,0,0,0,0,0,1,0,0,51674.64114832536
1998,270000,0,1,0,0,0,0,1,0,0,1,0,0,0,0,0,1,0,0,0,14000.0
2018,103000,0,1,0,1,0,0,0,0,1,0,0,0,0,0,0,0,1,0,0,37000.0
2017,145000,0,1,0,1,0,0,0,0,1,0,0,0,0,0,0,0,1,0,0,34500.0
2022,64237,1,0,0,0,0,0,1,0,1,0,0,0,1,0,0,0,0,0,0,25186.6028708134
2010,252934,0,1,0,1,0,0,0,0,0,1,0,0,0,0,0,0,0,1,0,19400.0
1997,313000,0,1,0,0,1,0,0,0,0,1,0,0,0,0,0,0,0,1,0,11500.0
2023,15057,1,0,0,0,0,0,1,0,1,0,0,0,1,0,0,0,0,0,0,31900.0
2016,100000,0,1,0,1,0,0,0,0,0,1,0,0,0,0,0,0,1,0,0,37500.0
2021,49000,1,0,0,0,0,0,1,0,1,0,0,0,1,0,0,0,0,0,0,25837.32057416268
2010,265000,0,1,0,1,0,0,0,0,0,1,0,0,0,0,0,0,0,1,0,23000.0
2024,0,1,0,0,0,0,0,1,0,1,0,0,0,1,0,0,0,0,0,0,29747.36842105263
2013,101000,0,1,0,1,0,0,0,0,1,0,0,0,0,0,0,0,0,1,0,29000.0
2024,500,1,0,0,0,0,0,1,0,1,0,0,0,1,0,0,0,0,0,0,28229.66507177033
2024,0,0,1,0,1,0,0,0,0,1,0,0,0,0,0,0,0,0,0,0,74641.14832535885
2022,36000,1,0,0,0,0,0,1,0,1,0,0,0,1,0,0,0,0,0,0,29000.0
2023,4500,0,1,0,1,0,0,0,0,1,0,0,0,0,0,0,0,1,0,0,89900.0
2024,0,0,1,0,1,0,0,0,0,1,0,0,0,0,0,0,0,0,0,0,55406.6985645933
2023,0,1,0,0,0,0,0,1,0,1,0,0,0,1,0,0,0,0,0,0,37330.14354066986
2011,285000,0,1,0,1,0,0,0,0,1,0,0,0,0,0,0,0,0,1,0,29500.0
2018,68851,0,0,1,0,0,0,1,0,1,0,1,0,0,0,0,0,0,0,0,29071.77033492823
1997,334000,0,1,0,0,0,0,1,0,0,1,0,0,0,0,0,1,0,0,0,9377.990430622009
2010,220000,0,1,0,1,0,0,0,0,1,0,0,0,0,0,0,0,0,1,0,24500.0
2023,500,0,1,0,1,0,0,0,0,1,0,0,0,0,0,0,0,1,0,0,64000.0
2018,121000,0,0,1,0,0,0,1,0,1,0,0,0,0,0,1,0,0,0,0,31500.0
2023,0,0,1,0,1,0,0,0,0,1,0,0,0,0,0,0,0,1,0,0,53687.36842105263
2024,1000,1,0,0,0,0,0,1,0,1,0,0,0,1,0,0,0,0,0,0,36800.0
2022,40000,1,0,0,0,0,0,0,0,1,0,0,0,1,0,0,0,0,0,0,31500.0
2023,16000,0,1,0,1,0,0,0,0,1,0,0,0,0,0,0,0,1,0,0,68000.0
2014,116000,0,0,1,0,0,0,1,0,1,0,0,0,1,0,0,0,0,0,0,17900.0
1999,175000,0,1,0,1,0,0,0,0,0,1,0,0,0,0,0,0,0,1,0,18000.0
2016,110000,0,0,1,0,0,0,1,0,1,0,0,0,1,0,0,0,0,0,0,23900.0
2023,0,1,0,0,0,0,0,0,0,1,0,0,1,0,0,0,0,0,0,0,40900.0
2023,3500,1,0,0,0,0,0,1,0,1,0,0,0,1,0,0,0,0,0,0,38181.81818181818
2021,75000,0,1,0,1,0,0,0,0,1,0,0,0,0,0,0,0,1,0,0,45000.0
2021,75000,1,0,0,0,0,0,0,0,1,0,0,1,0,0,0,0,0,0,0,31000.0
2013,168000,0,1,0,1,0,0,0,0,1,0,0,0,0,0,0,0,0,1,0,28000.0
2024,0,0,1,0,1,0,0,0,0,1,0,0,0,0,0,0,0,1,0,0,54641.14832535885
2018,32349,0,0,1,0,0,0,1,0,1,0,0,0,1,0,0,0,0,0,0,31500.0
2022,0,1,0,0,0,0,0,1,0,1,0,0,0,1,0,0,0,0,0,0,31483.253588516745
2023,5800,0,1,0,1,0,0,0,0,1,0,0,0,0,0,0,0,1,0,0,60000.0
2018,100000,0,0,1,0,0,0,1,0,1,0,0,0,1,0,0,0,0,0,0,28000.0
2022,16800,0,1,0,1,0,0,0,0,1,0,0,0,0,0,0,0,1,0,0,45933.01435406699
2016,222000,0,1,0,1,0,0,0,0,0,1,0,0,0,0,0,0,1,0,0,31000.0
2023,500,1,0,0,0,0,0,1,0,1,0,0,0,1,0,0,0,0,0,0,40000.0
2016,160000,0,1,0,1,0,0,0,0,0,1,0,0,0,0,0,0,1,0,0,26794.258373205743
2008,288000,0,0,1,0,0,0,1,0,1,0,0,0,0,1,0,0,0,0,0,8000.0
2022,41400,1,0,0,0,0,0,1,0,1,0,0,0,1,0,0,0,0,0,0,29282.296650717704
2023,10000,0,1,0,1,0,0,0,0,0,1,0,0,0,0,0,0,1,0,0,53110.04784688995
2002,400000,0,1,0,0,1,0,0,0,0,1,0,0,0,0,0,0,0,1,0,17000.0
2018,75000,0,1,0,1,0,0,0,0,1,0,0,0,0,0,0,0,1,0,0,42000.0
2018,46000,0,1,0,1,0,0,0,0,1,0,0,0,0,0,0,0,1,0,0,42000.0
2009,340000,0,0,1,0,0,0,1,0,1,0,0,0,0,1,0,0,0,0,0,8612.440191387559
2022,19000,0,1,0,1,0,0,0,0,1,0,0,0,0,0,0,0,1,0,0,48700.0
2007,291000,0,1,0,1,0,0,0,0,0,1,0,0,0,0,0,0,0,1,0,15300.0
2018,78000,0,0,1,0,0,0,1,0,1,0,0,0,0,0,1,0,0,0,0,27900.0
2021,27000,1,0,0,0,0,0,0,0,1,0,0,1,0,0,0,0,0,0,0,33000.0
2008,235000,0,1,0,1,0,0,0,0,0,1,0,0,0,0,0,0,0,1,0,24784.68899521531
2013,150000,0,1,0,0,0,0,1,0,1,0,0,0,0,0,0,1,0,0,0,22800.0
2016,125000,0,1,0,1,0,0,0,0,1,0,0,0,0,0,0,0,1,0,0,35000.0
2018,182000,0,1,0,1,0,0,0,0,1,0,0,0,0,0,0,0,1,0,0,39000.0
2012,179000,0,1,0,1,0,0,0,0,1,0,0,0,0,0,0,0,0,1,0,24900.0
2007,286000,0,1,0,1,0,0,0,0,1,0,0,0,0,0,0,0,0,1,0,17224.880382775118
2018,108144,0,1,0,1,0,0,0,0,1,0,0,0,0,0,0,0,1,0,0,38516.746411483255
2023,12200,1,0,0,0,0,0,1,0,1,0,0,0,1,0,0,0,0,0,0,30250.0
2022,68800,1,0,0,0,0,0,1,0,1,0,0,0,0,0,0,0,0,0,0,24401.91387559809
2008,290000,0,1,0,0,1,0,0,0,0,1,0,0,0,0,0,0,0,1,0,15000.0
2019,115000,0,1,0,1,0,0,0,0,1,0,0,0,0,0,0,0,1,0,0,36363.63636363636
2008,197800,0,0,1,0,0,0,1,0,1,0,0,0,0,1,0,0,0,0,0,11674.64114832536
2019,107000,0,1,0,1,0,0,0,0,1,0,0,0,0,0,0,0,1,0,0,36500.0
2019,70000,0,1,0,1,0,0,0,0,0,1,0,0,0,0,0,0,1,0,0,39234.44976076555
2023,0,1,0,0,0,0,0,1,0,1,0,0,0,1,0,0,0,0,0,0,29747.36842105263
2024,0,0,1,0,1,0,0,0,0,0,0,0,0,0,0,0,0,1,0,0,62000.0
2019,85000,0,1,0,1,0,0,0,0,0,1,0,0,0,0,0,0,1,0,0,42000.0
2016,91700,0,1,0,1,0,0,0,0,1,0,0,0,0,0,0,0,1,0,0,37800.0
2016,161000,0,1,0,1,0,0,0,0,1,0,0,0,0,0,0,0,1,0,0,35000.0
1999,285000,0,1,0,1,0,0,0,0,0,1,0,0,0,0,0,0,0,1,0,13400.0
2006,265000,0,1,0,1,0,0,0,0,1,0,0,0,0,0,0,0,0,1,0,18500.0
2023,12000,1,0,0,0,0,0,1,0,1,0,0,0,1,0,0,0,0,0,0,35500.0
2024,0,0,1,0,1,0,0,0,0,1,0,0,0,0,0,0,0,1,0,0,55502.39234449761
2013,178000,0,1,0,1,0,0,0,0,1,0,0,0,0,0,0,0,0,1,0,26500.0
2012,400000,0,1,0,1,0,0,0,0,0,1,0,0,0,0,0,0,0,1,0,21000.0
2021,91220,1,0,0,0,0,0,0,0,1,0,0,1,0,0,0,0,0,0,0,28900.0
2022,20100,0,1,0,1,0,0,0,0,1,0,0,0,0,0,0,0,1,0,0,56449.76076555024
2015,123204,0,0,1,0,0,0,1,0,1,0,0,0,1,0,0,0,0,0,0,20500.0
2020,67000,0,1,0,1,0,0,0,0,0,1,0,0,0,0,0,0,1,0,0,38000.0
2009,142600,0,0,1,0,0,0,1,0,1,0,0,0,0,1,0,0,0,0,0,10800.0
2021,39400,1,0,0,0,0,0,1,0,1,0,0,0,1,0,0,0,0,0,0,26602.87081339713
2021,36000,1,0,0,0,0,0,1,0,1,0,0,0,1,0,0,0,0,0,0,28612.44019138756
2023,8000,0,1,0,1,0,0,0,0,1,0,0,0,0,0,0,0,1,0,0,58000.0
2023,0,1,0,0,0,0,0,1,0,1,0,0,0,1,0,0,0,0,0,0,37500.0
2019,119000,0,0,1,0,0,0,1,0,1,0,0,0,1,0,0,0,0,0,0,26000.0
2024,1500,1,0,0,0,0,0,1,0,1,0,0,0,1,0,0,0,0,0,0,32057.416267942583
2024,0,1,0,0,0,0,0,1,0,1,0,0,0,1,0,0,0,0,0,0,31849.76076555024
2023,9000,0,1,0,1,0,0,0,0,1,0,0,0,0,0,0,0,1,0,0,52153.11004784689
2022,20000,0,1,0,1,0,0,0,0,1,0,0,0,0,0,0,0,1,0,0,59000.0
2022,46000,1,0,0,0,0,0,0,0,1,0,0,1,0,0,0,0,0,0,0,31483.253588516745
2022,14000,0,1,0,1,0,0,0,0,1,0,0,0,0,0,0,0,1,0,0,65000.0
2023,21000,1,0,0,0,0,0,1,0,1,0,0,0,1,0,0,0,0,0,0,33492.82296650718
2022,13047,0,1,0,0,1,0,0,0,1,0,0,0,0,0,0,0,1,0,0,63500.0
2000,148800,0,1,0,1,0,0,0,0,0,1,0,0,0,0,0,0,0,1,0,13672.727272727272
2021,30000,1,0,0,0,0,0,1,0,1,0,0,0,1,0,0,0,0,0,0,33000.0
2020,37500,0,1,0,1,0,0,0,0,1,0,0,0,0,0,0,0,1,0,0,44000.0
2023,40000,0,1,0,1,0,0,0,0,1,0,0,0,0,0,0,0,1,0,0,55502.39234449761
2022,29000,1,0,0,0,0,0,1,0,1,0,0,0,1,0,0,0,0,0,0,32500.0
2016,150000,0,1,0,1,0,0,0,0,0,1,0,0,0,0,0,0,1,0,0,32500.0
2023,18000,0,1,0,1,0,0,0,0,1,0,0,0,0,0,0,0,1,0,0,53588.516746411486
2020,65000,0,1,0,1,0,0,0,0,1,0,0,0,0,0,0,0,1,0,0,43900.0
2022,26000,1,0,0,0,0,0,0,0,1,0,0,1,0,0,0,0,0,0,0,31000.0
2011,210000,0,1,0,1,0,0,0,0,0,1,0,0,0,0,0,0,0,1,0,21500.0
2024,0,1,0,0,0,0,0,1,0,1,0,0,0,1,0,0,0,0,0,0,36900.0
2023,1111,0,1,0,1,0,0,0,0,1,0,0,0,0,0,0,0,1,0,0,60000.0
2014,1111,0,1,0,1,0,0,0,0,1,0,0,0,0,0,0,0,0,1,0,27000.0
2021,11342,1,0,0,0,0,0,0,0,1,0,0,1,0,0,0,0,0,0,0,33200.0
2019,72000,0,0,1,0,0,0,1,0,1,0,0,0,0,0,1,0,0,0,0,44000.0
2024,0,0,1,0,1,0,0,0,0,1,0,0,0,0,0,0,0,1,0,0,73200.95693779904
2023,500,1,0,0,0,0,0,1,0,1,0,0,0,1,0,0,0,0,0,0,33500.0
2009,259000,0,1,0,1,0,0,0,0,0,1,0,0,0,0,0,0,0,1,0,19000.0
2018,185000,0,1,0,1,0,0,0,0,1,0,0,0,0,0,0,0,1,0,0,34449.76076555024
2007,240000,0,1,0,1,0,0,0,0,1,0,0,0,0,0,0,0,0,1,0,18500.0
2022,90000,0,1,0,1,0,0,0,0,1,0,0,0,0,0,0,0,1,0,0,48000.0
2022,18500,1,0,0,0,0,0,0,0,1,0,0,1,0,0,0,0,0,0,0,32000.0
2018,105345,0,1,0,1,0,0,0,0,1,0,0,0,0,0,0,0,1,0,0,38000.0
2021,30000,1,0,0,0,0,0,1,0,1,0,0,0,1,0,0,0,0,0,0,29000.0
2016,119000,0,1,0,1,0,0,0,0,1,0,0,0,0,0,0,0,1,0,0,38500.0
2020,86000,0,1,0,1,0,0,0,0,1,0,0,0,0,0,0,0,1,0,0,42500.0
2011,171000,0,0,1,0,0,0,1,0,1,0,0,0,0,1,0,0,0,0,0,14500.0
2019,72000,0,0,1,0,0,0,1,0,1,0,0,0,1,0,0,0,0,0,0,35000.0
2023,500,0,1,0,1,0,0,0,0,1,0,0,0,0,0,0,0,1,0,0,53000.0
2022,74000,0,1,0,1,0,0,0,0,1,0,0,0,0,0,0,0,1,0,0,44400.0
2018,68400,0,1,0,1,0,0,0,0,1,0,0,0,0,0,0,0,1,0,0,37799.04306220096
2007,204000,0,1,0,1,0,0,0,0,0,1,0,0,0,0,0,0,0,1,0,18947.36842105263
2013,240000,0,0,1,0,0,0,1,0,1,0,0,0,0,1,0,0,0,0,0,15000.0
2021,40000,1,0,0,0,0,0,1,0,1,0,0,0,1,0,0,0,0,0,0,30000.0
2024,1000,1,0,0,0,0,0,0,0,1,0,0,1,0,0,0,0,0,0,0,35500.0
2017,135000,0,1,0,1,0,0,0,0,1,0,0,0,0,0,0,0,1,0,0,32535.88516746412
2021,73000,0,1,0,1,0,0,0,0,1,0,0,0,0,0,0,0,1,0,0,47000.0
2019,55000,0,1,0,1,0,0,0,0,1,0,0,0,0,0,0,0,1,0,0,41500.0
2024,0,1,0,0,0,0,0,1,0,1,0,0,0,1,0,0,0,0,0,0,32344.497607655503
2019,80500,0,1,0,1,0,0,0,0,1,0,0,0,0,0,0,0,1,0,0,38000.0
2009,220000,0,0,1,0,0,0,1,0,1,0,0,0,0,1,0,0,0,0,0,10047.846889952154
2022,60000,0,0,1,0,0,0,1,0,1,0,0,0,0,0,1,0,0,0,0,54000.0
2015,150000,0,1,0,0,1,0,0,0,0,1,0,0,0,0,0,0,0,1,0,27000.0
2021,51700,1,0,0,0,0,0,1,0,1,0,0,0,1,0,0,0,0,0,0,29186.6028708134
2023,0,0,1,0,1,0,0,0,0,1,0,0,0,0,0,0,0,1,0,0,55416.26794258373
2013,195000,0,1,0,1,0,0,0,0,0,1,0,0,0,0,0,0,0,1,0,27000.0
2018,110000,0,1,0,1,0,0,0,0,1,0,0,0,0,0,0,0,1,0,0,36363.63636363636
2020,22000,0,1,0,1,0,0,0,0,1,0,0,0,0,0,0,0,1,0,0,45000.0
2022,37000,1,0,0,0,0,0,1,0,1,0,0,0,1,0,0,0,0,0,0,27272.727272727272
2017,154000,0,1,0,1,0,0,0,0,1,0,0,0,0,0,0,0,1,0,0,31100.47846889952
2022,36600,1,0,0,0,0,0,1,0,1,0,0,0,1,0,0,0,0,0,0,29900.0
2015,170000,0,1,0,0,0,0,1,0,1,0,0,0,0,0,0,1,0,0,0,23900.0
2024,0,1,0,0,0,0,0,1,0,1,0,0,0,1,0,0,0,0,0,0,29747.36842105263
2013,110000,0,0,1,0,0,0,1,0,1,0,0,0,1,0,0,0,0,0,0,14500.0
2017,150000,0,1,0,1,0,0,0,0,1,0,0,0,0,0,0,0,1,0,0,34000.0
2013,140000,0,0,1,0,0,0,1,0,1,0,0,0,0,0,1,0,0,0,0,18500.0
2017,107000,0,1,0,1,0,0,0,0,1,0,0,0,0,0,0,0,1,0,0,35500.0
2023,4600,1,0,0,0,0,0,1,0,1,0,0,0,1,0,0,0,0,0,0,30622.00956937799
2021,58000,1,0,0,0,0,0,0,0,1,0,0,1,0,0,0,0,0,0,0,31900.0
2020,71251,0,1,0,1,0,0,0,0,1,0,0,0,0,0,0,0,1,0,0,39138.75598086124
2021,24990,0,0,1,0,0,0,1,0,1,0,0,0,0,0,1,0,0,0,0,46700.0
2023,50,1,0,0,0,0,0,1,0,1,0,0,0,1,0,0,0,0,0,0,29500.0
1999,287000,0,1,0,1,0,0,0,0,0,1,0,0,0,0,0,0,0,1,0,15000.0
2016,180000,0,1,0,1,0,0,0,0,0,1,0,0,0,0,0,0,1,0,0,33492.82296650718
2019,62033,0,1,0,1,0,0,0,0,0,1,0,0,0,0,0,0,1,0,0,37224.88038277512
2001,300000,0,1,0,1,0,0,0,0,0,1,0,0,0,0,0,0,0,1,0,11900.0
2017,110000,0,0,1,0,0,0,1,0,1,0,0,0,0,0,1,0,0,0,0,25000.0
2008,210000,0,0,1,0,0,0,1,0,1,0,0,0,0,1,0,0,0,0,0,10500.0
2022,3000,0,1,0,1,0,0,0,0,1,0,0,0,0,0,0,0,1,0,0,60000.0
2017,60000,0,1,0,1,0,0,0,0,1,0,0,0,0,0,0,0,1,0,0,42000.0
2011,200000,0,1,0,1,0,0,0,0,1,0,0,0,0,0,0,0,0,1,0,22488.03827751196
2021,41000,0,1,0,1,0,0,0,0,0,1,0,0,0,0,0,0,1,0,0,46000.0
2008,300000,0,1,0,1,0,0,0,0,1,0,0,0,0,0,0,0,0,1,0,17129.186602870814
2022,40000,1,0,0,0,0,0,1,0,1,0,0,0,1,0,0,0,0,0,0,30999.0
2023,2000,1,0,0,0,0,0,1,0,1,0,0,0,1,0,0,0,0,0,0,33900.0
2024,945,1,0,0,0,0,0,1,0,1,0,0,0,1,0,0,0,0,0,0,31100.47846889952
2006,313000,0,1,0,1,0,0,0,0,0,1,0,0,0,0,0,0,0,1,0,16500.0
2022,14500,0,1,0,1,0,0,0,0,1,0,0,0,0,0,0,0,1,0,0,65000.0
2020,55000,0,1,0,1,0,0,0,0,1,0,0,0,0,0,0,0,1,0,0,39900.0
2021,20000,0,1,0,1,0,0,0,0,1,0,0,0,0,0,0,0,1,0,0,48000.0
2013,184000,0,1,0,1,0,0,0,0,0,1,0,0,0,0,0,0,0,1,0,24870.71770334928
2022,74000,1,0,0,0,0,0,0,0,1,0,0,1,0,0,0,0,0,0,0,33491.86602870814
2013,205800,0,1,0,1,0,0,0,0,1,0,0,0,0,0,0,0,0,1,0,29000.0
2024,0,1,0,0,0,0,0,1,0,1,0,0,0,1,0,0,0,0,0,0,30622.00956937799
2023,1000,0,1,0,1,0,0,0,0,1,0,0,0,0,0,0,0,1,0,0,68000.0
2021,42300,0,1,0,1,0,0,0,0,1,0,0,0,0,0,0,0,1,0,0,45000.0
2017,157500,0,1,0,1,0,0,0,0,1,0,0,0,0,0,0,0,1,0,0,30900.0
2019,87574,0,0,1,0,0,1,0,0,1,0,0,0,0,0,1,0,0,0,0,40000.0
2017,180000,0,1,0,1,0,0,0,0,0,1,0,0,0,0,0,0,1,0,0,29665.07177033493
2021,90000,0,1,0,1,0,0,0,0,1,0,0,0,0,0,0,0,1,0,0,43900.0
2021,38000,0,1,0,1,0,0,0,0,1,0,0,0,0,0,0,0,1,0,0,49900.0
2023,1888,0,1,0,1,0,0,0,0,1,0,0,0,0,0,0,0,1,0,0,35000.0
2022,30000,1,0,0,0,0,0,0,0,1,0,0,0,0,0,0,0,0,0,0,34000.0
2023,500,1,0,0,0,0,0,0,0,1,0,0,1,0,0,0,0,0,0,0,34100.0
2020,90000,0,1,0,1,0,0,0,0,1,0,0,0,0,0,0,0,1,0,0,41000.0
2015,90000,0,1,0,1,0,0,0,0,0,1,0,0,0,0,0,0,0,1,0,28229.66507177033
2012,115000,0,0,1,0,0,0,1,0,1,0,0,0,0,1,0,0,0,0,0,14000.0
2021,72000,0,1,0,1,0,0,0,0,1,0,0,0,0,0,0,0,1,0,0,47846.88995215311
2024,500,1,0,0,0,0,0,1,0,1,0,0,0,1,0,0,0,0,0,0,40500.0
2022,78546,1,0,0,0,0,0,1,0,1,0,0,0,0,0,0,0,0,0,0,24401.91387559809
2023,0,0,1,0,1,0,0,0,0,1,0,0,0,0,0,0,0,1,0,0,66000.0
2017,119000,0,1,0,1,0,0,0,0,0,1,0,0,0,0,0,0,1,0,0,32000.0
2023,0,0,1,0,1,0,0,0,0,1,0,0,0,0,0,0,0,1,0,0,50500.0
2018,47500,0,1,0,1,0,0,0,0,1,0,0,0,0,0,0,0,1,0,0,37500.0
2024,0,1,0,0,0,0,0,0,0,1,0,0,1,0,0,0,0,0,0,0,37272.72727272727
2006,280000,0,1,0,1,0,0,0,0,0,1,0,0,0,0,0,0,0,1,0,12900.0
2021,67000,1,0,0,0,0,0,1,0,1,0,0,0,1,0,0,0,0,0,0,27751.196172248805
2017,95000,0,0,1,0,0,0,1,0,1,0,0,0,0,0,1,0,0,0,0,30900.0
2006,300000,0,1,0,1,0,0,0,0,0,1,0,0,0,0,0,0,0,1,0,16800.0
2019,35000,0,0,1,0,0,0,1,0,1,0,0,0,0,0,1,0,0,0,0,41500.0
2018,85282,0,1,0,1,0,0,0,0,1,0,0,0,0,0,0,0,1,0,0,41300.0
2022,31421,1,0,0,0,0,0,1,0,1,0,0,0,1,0,0,0,0,0,0,33400.0
2024,1111,1,0,0,0,0,0,1,0,1,0,0,0,1,0,0,0,0,0,0,40500.0
2005,165000,0,1,0,1,0,0,0,0,0,1,0,0,0,0,0,0,0,1,0,18000.0
2019,29000,0,1,0,1,0,0,0,0,0,1,0,0,0,0,0,0,1,0,0,43000.0
2021,38000,0,1,0,1,0,0,0,0,1,0,0,0,0,0,0,0,1,0,0,46999.0
2020,90000,0,1,0,1,0,0,0,0,1,0,0,0,0,0,0,0,1,0,0,41000.0
2022,20000,0,1,0,1,0,0,0,0,1,0,0,0,0,0,0,0,1,0,0,49000.0
2013,93000,0,0,1,0,0,0,1,0,1,0,0,0,0,0,1,0,0,0,0,20500.0
2020,38000,0,1,0,1,0,0,0,0,1,0,0,0,0,0,0,0,1,0,0,43540.66985645933
2022,46000,0,1,0,1,0,0,0,0,1,0,0,0,0,0,0,0,1,0,0,43540.66985645933
2016,124000,0,1,0,1,0,0,0,0,1,0,0,0,0,0,0,0,1,0,0,36267.94258373206
2012,190000,0,1,0,1,0,0,0,0,0,1,0,0,0,0,0,0,0,1,0,26500.0
2021,98000,0,1,0,1,0,0,0,0,1,0,0,0,0,0,0,0,1,0,0,44880.382775119615
2023,30000,0,1,0,1,0,0,0,0,1,0,0,0,0,0,0,0,1,0,0,53588.516746411486
2022,0,0,1,0,1,0,0,0,0,0,1,0,0,0,0,0,0,1,0,0,46889.95215311005
2020,35000,0,1,0,1,0,0,0,0,1,0,0,0,0,0,0,0,1,0,0,45500.0
2020,29500,0,1,0,1,0,0,0,0,1,0,0,0,0,0,0,0,1,0,0,52900.0
2006,327000,0,1,0,1,0,0,0,0,1,0,0,0,0,0,0,0,0,1,0,17900.0
2024,111111,1,0,0,0,0,0,1,0,1,0,0,0,1,0,0,0,0,0,0,34928.22966507177
2014,126000,0,0,1,0,0,0,1,0,1,0,0,0,1,0,0,0,0,0,0,18181.81818181818
2023,14000,1,0,0,0,0,0,1,0,1,0,0,0,1,0,0,0,0,0,0,28708.133971291867
2023,500,1,0,0,0,0,0,0,0,1,0,0,1,0,0,0,0,0,0,0,40900.0
2024,0,1,0,0,0,0,0,1,0,1,0,0,0,1,0,0,0,0,0,0,28638.66028708134
2022,20000,1,0,0,0,0,0,0,0,1,0,0,1,0,0,0,0,0,0,0,33900.0
2014,120000,0,0,1,0,0,0,1,0,1,0,0,0,1,0,0,0,0,0,0,18000.0
2006,275000,0,1,0,1,0,0,0,0,0,1,0,0,0,0,0,0,0,1,0,15000.0
2022,33000,1,0,0,0,0,0,0,0,1,0,0,1,0,0,0,0,0,0,0,29999.0
2023,1000,0,1,0,1,0,0,0,0,1,0,0,0,0,0,0,0,1,0,0,54449.76076555024
2018,145000,0,1,0,1,0,0,0,0,1,0,0,0,0,0,0,0,1,0,0,36000.0
2013,150000,0,1,0,1,0,0,0,0,1,0,0,0,0,0,0,0,0,1,0,25837.32057416268
2023,22100,1,0,0,0,0,0,1,0,1,0,0,0,1,0,0,0,0,0,0,35406.6985645933
2017,145000,0,1,0,1,0,0,0,0,1,0,0,0,0,0,0,0,1,0,0,35500.0
2022,50000,0,1,0,1,0,0,0,0,1,0,0,0,0,0,0,0,1,0,0,47500.0
2022,50000,1,0,0,0,0,0,1,0,1,0,0,0,1,0,0,0,0,0,0,26794.258373205743
2023,0,1,0,0,0,0,0,1,0,1,0,0,0,1,0,0,0,0,0,0,33491.86602870814
2021,41500,0,1,0,1,0,0,0,0,1,0,0,0,0,0,0,0,1,0,0,49900.0
2024,0,0,1,0,1,0,0,0,0,1,0,0,0,0,0,0,0,1,0,0,55023.92344497608
2016,141200,0,1,0,1,0,0,0,0,1,0,0,0,0,0,0,0,1,0,0,32535.88516746412
2013,257000,0,1,0,0,1,0,0,0,1,0,0,0,0,0,0,0,0,1,0,22900.0
2012,221781,0,1,0,1,0,0,0,0,1,0,0,0,0,0,0,0,0,1,0,22800.0
2023,500,1,0,0,0,0,0,0,0,1,0,0,1,0,0,0,0,0,0,0,32600.0
2019,69000,0,1,0,1,0,0,0,0,1,0,0,0,0,0,0,0,1,0,0,40095.69377990431
2011,126000,0,0,1,0,0,0,1,0,1,0,0,0,0,1,0,0,0,0,0,6459.33014354067
2024,6000,1,0,0,0,0,0,1,0,1,0,0,0,1,0,0,0,0,0,0,35900.0
2023,17000,1,0,0,0,0,0,1,0,1,0,0,0,1,0,0,0,0,0,0,33492.82296650718
2023,0,1,0,0,0,0,0,0,0,1,0,0,1,0,0,0,0,0,0,0,34500.0
2021,14000,0,1,0,1,0,0,0,0,1,0,0,0,0,0,0,0,1,0,0,55000.0
2021,49000,0,1,0,1,0,0,0,0,1,0,0,0,0,0,0,0,1,0,0,46000.0
2020,43200,0,1,0,1,0,0,0,0,1,0,0,0,0,0,0,0,1,0,0,46500.0
2023,0,1,0,0,0,0,0,1,0,1,0,0,0,1,0,0,0,0,0,0,31100.47846889952
2024,1300,1,0,0,0,0,0,0,0,1,0,0,1,0,0,0,0,0,0,0,38000.0
2019,47843,0,1,0,1,0,0,0,0,1,0,1,0,0,0,0,0,0,0,0,42526.31578947369
2021,82794,0,1,0,1,0,0,0,0,0,1,0,0,0,0,0,0,1,0,0,38277.511961722485
2013,210000,0,1,0,1,0,0,0,0,1,0,0,0,0,0,0,0,0,0,0,21531.1004784689
2008,275000,0,1,0,1,0,0,0,0,0,1,0,0,0,0,0,0,0,1,0,21000.0
2017,59963,0,1,0,1,0,0,0,0,0,1,0,0,0,0,0,0,1,0,0,40191.387559808616
2016,235000,0,1,0,1,0,0,0,0,0,1,0,0,0,0,0,0,1,0,0,31000.0
2020,37000,0,0,1,0,0,1,0,0,1,0,0,0,0,1,0,0,0,0,0,40000.0
2023,10800,0,1,0,1,0,0,0,0,1,0,0,0,0,0,0,0,1,0,0,53999.0
2019,113000,0,1,0,1,0,0,0,0,1,0,0,0,0,0,0,0,1,0,0,39000.0
2024,0,1,0,0,0,0,0,0,0,1,0,0,1,0,0,0,0,0,0,0,38500.0
2021,59000,1,0,0,0,0,0,1,0,1,0,0,0,1,0,0,0,0,0,0,27655.502392344497
2020,100000,0,1,0,1,0,0,0,0,1,0,0,0,0,0,0,0,1,0,0,38000.0
2019,65000,0,0,1,0,0,0,1,0,1,0,0,0,0,0,1,0,0,0,0,43000.0
2011,219000,0,1,0,1,0,0,0,0,1,0,0,0,0,0,0,0,0,1,0,22900.0
2023,500,0,1,0,1,0,0,0,0,1,0,0,0,0,0,0,0,1,0,0,54000.0
2013,130000,0,0,1,0,0,0,1,0,1,0,0,0,0,1,0,0,0,0,0,15800.0
2024,0,1,0,0,0,0,0,1,0,1,0,0,0,1,0,0,0,0,0,0,29747.36842105263
2024,500,1,0,0,0,0,0,1,0,1,0,0,0,1,0,0,0,0,0,0,33900.0
2023,1000,1,0,0,0,0,0,1,0,1,0,0,0,1,0,0,0,0,0,0,11655.406698564591
2010,147000,0,1,0,1,0,0,0,0,0,1,0,0,0,0,0,0,0,1,0,27500.0
2024,0,1,0,0,0,0,0,1,0,1,0,0,0,1,0,0,0,0,0,0,29747.36842105263
2023,1100,1,0,0,0,0,0,1,0,1,0,0,0,1,0,0,0,0,0,0,34928.22966507177
2022,16000,0,1,0,1,0,0,0,0,1,0,0,0,0,0,0,0,1,0,0,50000.0
2021,65000,1,0,0,0,0,0,1,0,1,0,0,0,1,0,0,0,0,0,0,28500.0
2024,1800,1,0,0,0,0,0,0,0,1,0,0,1,0,0,0,0,0,0,0,35000.0
2017,85000,0,1,0,1,0,0,0,0,1,0,0,0,0,0,0,0,1,0,0,36363.63636363636
2010,255000,0,1,0,1,0,0,0,0,0,1,0,0,0,0,0,0,0,1,0,21500.0
2017,88000,0,0,1,0,0,0,1,0,1,0,0,0,0,0,1,0,0,0,0,26315.78947368421
2023,0,0,1,0,1,0,0,0,0,1,0,0,0,0,0,0,0,1,0,0,53687.36842105263
2023,600,0,1,0,1,0,0,0,0,1,0,0,0,0,0,0,0,1,0,0,55500.0
2016,170000,0,1,0,1,0,0,0,0,1,0,0,0,0,0,0,0,1,0,0,32057.416267942583
2022,16000,0,1,0,1,0,0,0,0,1,0,0,0,0,0,0,0,1,0,0,50000.0
2012,280000,0,0,1,0,0,0,1,0,1,0,0,0,0,1,0,0,0,0,0,10526.315789473683
2020,62958,0,1,0,1,0,0,0,0,1,0,0,0,0,0,0,0,1,0,0,40191.387559808616
2010,197000,0,1,0,1,0,0,0,0,1,0,0,0,0,0,0,0,0,1,0,21000.0
2010,275000,0,0,1,0,0,0,1,0,1,0,0,0,0,1,0,0,0,0,0,10900.0
2019,20000,0,1,0,1,0,0,0,0,1,0,0,0,0,0,0,0,1,0,0,45000.0
2023,11111,1,0,0,0,0,0,0,0,1,0,0,1,0,0,0,0,0,0,0,40500.0
2021,16000,1,0,0,0,0,0,0,0,1,0,0,1,0,0,0,0,0,0,0,30000.0
2021,74000,0,1,0,1,0,0,0,0,1,0,0,0,0,0,0,0,1,0,0,39500.0
2014,149000,0,0,1,0,0,0,1,0,1,0,0,0,0,0,1,0,0,0,0,22900.0
2022,28000,1,0,0,0,0,0,1,0,1,0,0,0,1,0,0,0,0,0,0,28500.0
2017,61000,0,0,1,0,0,0,1,0,1,0,0,0,1,0,0,0,0,0,0,24210.52631578948
2006,220000,0,1,0,1,0,0,0,0,1,0,0,0,0,0,0,0,0,1,0,19500.0
2022,0,1,0,0,0,0,0,1,0,1,0,0,0,1,0,0,0,0,0,0,30794.258373205743
2013,142000,0,0,1,0,0,0,1,0,1,0,0,0,0,1,0,0,0,0,0,19900.0
2021,50000,0,1,0,1,0,0,0,0,0,1,0,0,0,0,0,0,1,0,0,46500.0
2020,50000,0,1,0,1,0,0,0,0,1,0,0,0,0,0,0,0,1,0,0,42000.0
2011,223000,0,0,1,0,0,0,1,0,1,0,0,0,0,1,0,0,0,0,0,12344.497607655505
2022,24000,1,0,0,0,0,0,1,0,1,0,0,0,1,0,0,0,0,0,0,28000.0
2023,6000,0,1,0,1,0,0,0,0,1,0,0,0,0,0,0,0,1,0,0,60500.0
2023,0,0,1,0,1,0,0,0,0,1,0,0,0,0,0,0,0,1,0,0,64593.3014354067
2022,15000,0,1,0,1,0,0,0,0,1,0,0,0,0,0,0,0,1,0,0,50000.0
2014,144100,0,0,1,0,0,0,1,0,1,0,0,0,0,0,1,0,0,0,0,20861.24401913876
2023,41000,0,1,0,1,0,0,0,0,1,0,0,0,0,0,0,0,1,0,0,52000.0
2024,1000,1,0,0,0,0,0,0,0,1,0,0,1,0,0,0,0,0,0,0,39234.44976076555
2021,15900,0,1,0,1,0,0,0,0,1,0,0,0,0,0,0,0,1,0,0,47751.196172248805
2016,80000,0,1,0,1,0,0,0,0,1,0,0,0,0,0,0,0,1,0,0,34449.76076555024
2019,95000,0,1,0,1,0,0,0,0,0,1,0,0,0,0,0,0,1,0,0,38500.0
2023,0,1,0,0,0,0,0,1,0,1,0,0,0,1,0,0,0,0,0,0,34736.84210526316
2024,500,1,0,0,0,0,0,0,0,1,0,0,1,0,0,0,0,0,0,0,32700.0
2024,0,1,0,0,0,0,0,1,0,1,0,0,0,1,0,0,0,0,0,0,32535.88516746412
2019,38000,0,0,1,0,0,0,1,0,1,0,0,0,0,0,1,0,0,0,0,50500.0
2023,0,1,0,0,0,0,0,0,0,1,0,0,1,0,0,0,0,0,0,0,34100.0
2005,168000,0,1,0,1,0,0,0,0,1,0,0,0,0,0,0,0,0,1,0,19500.0
2021,67200,0,1,0,1,0,0,0,0,1,0,0,0,0,0,0,0,1,0,0,48500.0
2023,1111,1,0,0,0,0,0,0,0,1,0,0,1,0,0,0,0,0,0,0,34449.76076555024
2023,7200,0,1,0,1,0,0,0,0,1,0,0,0,0,0,0,0,1,0,0,51000.0
2021,114778,0,1,0,1,0,0,0,0,1,0,0,0,0,0,0,0,1,0,0,46889.95215311005
2024,0,1,0,0,0,0,0,0,0,1,0,0,1,0,0,0,0,0,0,0,40900.0
2020,85000,0,1,0,1,0,0,0,0,1,0,0,0,0,0,0,0,1,0,0,42500.0
2023,0,1,0,0,0,0,0,1,0,1,0,0,0,1,0,0,0,0,0,0,30526.315789473683
2021,69000,0,1,0,1,0,0,0,0,1,0,0,0,0,0,0,0,1,0,0,45900.0
2009,240000,0,0,1,0,0,0,1,0,1,0,0,0,0,1,0,0,0,0,0,10000.0
2024,0,1,0,0,0,0,0,0,0,1,0,0,1,0,0,0,0,0,0,0,34000.0
2018,77000,0,1,0,1,0,0,0,0,1,0,0,0,0,0,0,0,1,0,0,39500.0
2013,120000,0,1,0,1,0,0,0,0,0,1,0,0,0,0,0,0,0,1,0,27000.0
2024,1111,1,0,0,0,0,0,0,0,1,0,0,1,0,0,0,0,0,0,0,34928.22966507177
2012,293000,0,1,0,1,0,0,0,0,1,0,0,0,0,0,0,0,0,1,0,20900.0
2011,240000,0,1,0,1,0,0,0,0,0,1,0,0,0,0,0,0,0,1,0,21531.1004784689
2024,0,0,1,0,1,0,0,0,0,1,0,0,0,0,0,0,0,1,0,0,74900.0
2023,17000,0,1,0,1,0,0,0,0,1,0,0,0,0,0,0,0,1,0,0,50430.62200956938
2011,210000,0,1,0,1,0,0,0,0,1,0,0,0,0,0,0,0,0,1,0,22000.0
2024,0,1,0,0,0,0,1,0,0,1,0,0,1,0,0,0,0,0,0,0,37990.43062200957
2018,65000,0,0,1,0,0,0,1,0,1,0,0,0,0,0,1,0,0,0,0,40000.0
2008,211000,0,1,0,1,0,0,0,0,1,0,0,0,0,0,0,0,0,1,0,18000.0
2007,250000,0,1,0,1,0,0,0,0,1,0,0,0,0,0,0,0,0,1,0,18500.0
2021,63700,0,1,0,1,0,0,0,0,1,0,0,0,0,0,0,0,1,0,0,45500.0
2023,0,0,1,0,1,0,0,0,0,1,0,0,0,0,0,0,0,1,0,0,53687.36842105263
2018,140000,0,1,0,1,0,0,0,0,1,0,0,0,0,0,0,0,1,0,0,36000.0
2021,45000,0,0,1,0,0,0,0,0,1,0,0,0,0,0,1,0,0,0,0,57000.0
2022,30000,1,0,0,0,0,0,0,0,1,0,0,1,0,0,0,0,0,0,0,36000.0
2020,68000,0,1,0,1,0,0,0,0,1,0,0,0,0,0,0,0,1,0,0,43500.0
2022,68200,1,0,0,0,0,0,1,0,1,0,0,0,0,0,0,0,0,0,0,24401.91387559809
2012,168000,0,0,1,0,0,0,1,0,1,0,0,0,0,1,0,0,0,0,0,12430.526315789471
2021,50000,0,1,0,1,0,0,0,0,1,0,0,0,0,0,0,0,1,0,0,42000.0
2023,0,1,0,0,0,0,0,1,0,1,0,0,0,1,0,0,0,0,0,0,31866.02870813397
2016,165000,0,1,0,1,0,0,0,0,1,0,0,0,0,0,0,0,1,0,0,33900.0
2021,39000,0,1,0,1,0,0,0,0,1,0,0,0,0,0,0,0,1,0,0,46500.0
2012,143000,0,1,0,1,0,0,0,0,0,1,0,0,0,0,0,0,0,1,0,25500.0
2019,87574,0,0,1,0,0,0,0,0,1,0,0,0,0,0,1,0,0,0,0,40000.0
2023,0,0,1,0,1,0,0,0,0,1,0,0,0,0,0,0,0,1,0,0,54900.0
2021,23200,1,0,0,0,0,0,1,0,1,0,0,0,1,0,0,0,0,0,0,27500.0
2023,0,0,1,0,1,0,0,0,0,1,0,0,0,0,0,0,0,1,0,0,58181.81818181818
2021,48000,0,1,0,1,0,0,0,0,1,0,0,0,0,0,0,0,1,0,0,47500.0
2021,54000,0,1,0,1,0,0,0,0,1,0,0,0,0,0,0,0,1,0,0,49000.0
2020,68000,0,1,0,0,0,0,1,0,1,0,0,0,0,0,0,0,1,0,0,43500.0
2013,154480,0,1,0,1,0,0,0,0,1,0,0,0,0,0,0,0,0,1,0,25837.32057416268
2011,215000,0,1,0,1,0,0,0,0,1,0,0,0,0,0,0,0,0,1,0,25500.0
2024,500,1,0,0,0,0,0,0,0,1,0,0,1,0,0,0,0,0,0,0,36000.0
2019,95000,0,1,0,1,0,0,0,0,1,0,0,0,0,0,0,0,1,0,0,38800.0
2019,49000,0,1,0,1,0,0,0,0,1,0,0,0,0,0,0,0,1,0,0,39800.0
2021,32000,0,1,0,1,0,0,0,0,1,0,0,0,0,0,0,0,1,0,0,49000.0
2024,0,1,0,0,0,0,0,1,0,1,0,0,0,1,0,0,0,0,0,0,35500.0
2019,83800,0,1,0,1,0,0,0,0,0,1,0,0,0,0,0,0,1,0,0,34900.0
2017,210000,0,1,0,1,0,0,0,0,0,1,0,0,0,0,0,0,1,0,0,31500.0
2022,15000,0,1,0,1,0,0,0,0,1,0,0,0,0,0,0,0,1,0,0,68000.0
2024,1100,1,0,0,0,0,0,1,0,1,0,0,0,1,0,0,0,0,0,0,30622.00956937799
2024,0,1,0,0,0,0,0,1,0,1,0,0,0,1,0,0,0,0,0,0,38468.8995215311
2011,220000,0,0,1,0,0,0,1,0,1,0,0,0,0,1,0,0,0,0,0,12440.19138755981
2020,115000,0,1,0,1,0,0,0,0,1,0,0,0,0,0,0,0,1,0,0,40500.0
2022,50000,1,0,0,0,0,0,0,0,1,0,0,1,0,0,0,0,0,0,0,28500.0
2023,6000,1,0,0,0,0,0,1,0,1,0,0,0,1,0,0,0,0,0,0,38000.0
2006,233000,0,1,0,1,0,0,0,0,1,0,0,0,0,0,0,0,0,1,0,18000.0
2018,92000,0,1,0,1,0,0,0,0,1,0,0,0,0,0,0,0,1,0,0,38500.0
2023,0,1,0,0,0,0,0,0,0,1,0,0,1,0,0,0,0,0,0,0,36650.71770334928
2020,92000,0,1,0,1,0,0,0,0,0,1,0,0,0,0,0,0,1,0,0,41900.0
2018,150000,0,1,0,1,0,0,0,0,1,0,0,0,0,0,0,0,1,0,0,36500.0
2010,153000,0,1,0,1,0,0,0,0,0,1,0,0,0,0,0,0,0,1,0,23500.0
2018,77802,0,1,0,1,0,0,0,0,1,0,0,0,0,0,0,0,1,0,0,44975.11961722488
2019,67000,0,1,0,1,0,0,0,0,0,1,0,0,0,0,0,0,1,0,0,38900.0
2006,188000,0,1,0,1,0,0,0,0,1,0,0,0,0,0,0,0,0,1,0,17500.0
2023,9700,1,0,0,0,0,0,1,0,1,0,0,0,1,0,0,0,0,0,0,36842.10526315789
2022,30000,1,0,0,0,0,0,0,0,1,0,0,1,0,0,0,0,0,0,0,36700.0
2011,169000,0,1,0,1,0,0,0,0,1,0,0,0,0,0,0,0,0,1,0,23500.0
2024,1500,1,0,0,0,0,0,0,0,1,0,0,1,0,0,0,0,0,0,0,38500.0
2013,150000,0,1,0,1,0,0,0,0,1,0,0,0,0,0,0,0,0,1,0,22440.191387559807
2023,20000,1,0,0,0,0,0,1,0,1,0,0,0,1,0,0,0,0,0,0,33000.0
2011,245000,0,1,0,1,0,0,0,0,1,0,0,0,0,0,0,0,0,1,0,24500.0
2022,74000,0,1,0,1,0,0,0,0,1,0,0,0,0,0,0,0,1,0,0,46889.95215311005
2024,500,1,0,0,0,0,0,0,0,1,0,0,1,0,0,0,0,0,0,0,35500.0
2023,1111,0,1,0,1,0,0,0,0,1,0,0,0,0,0,0,0,1,0,0,58900.0
2022,4500,1,0,0,0,0,0,1,0,1,0,0,0,1,0,0,0,0,0,0,33000.0
2007,213000,0,1,0,1,0,0,0,0,0,1,0,0,0,0,0,0,0,1,0,19500.0
2024,0,0,1,0,1,0,0,0,0,1,0,0,0,0,0,0,0,1,0,0,54066.98564593301
2010,252934,0,1,0,1,0,0,0,0,0,1,0,0,0,0,0,0,0,1,0,19400.0
2018,195000,0,1,0,1,0,0,0,0,0,1,0,0,0,0,0,0,1,0,0,32000.0
2023,0,1,0,0,0,0,0,1,0,1,0,0,0,1,0,0,0,0,0,0,29747.36842105263
2018,84000,0,1,0,1,0,0,0,0,1,0,0,0,0,0,0,0,1,0,0,38000.0
2016,155000,0,1,0,1,0,0,0,0,0,1,0,0,0,0,0,0,1,0,0,35885.167464114835
2024,0,1,0,0,0,0,0,0,0,1,0,0,1,0,0,0,0,0,0,0,35000.0
2023,8000,1,0,0,0,0,0,1,0,1,0,0,0,1,0,0,0,0,0,0,32000.0
2022,15000,0,1,0,1,0,0,0,0,1,0,0,0,0,0,0,0,1,0,0,48500.0
2021,30000,1,0,0,0,0,0,0,0,1,0,0,1,0,0,0,0,0,0,0,30622.00956937799
2023,0,1,0,0,0,0,0,1,0,1,0,0,0,1,0,0,0,0,0,0,29609.569377990432
2017,118000,0,1,0,1,0,0,0,0,1,0,0,0,0,0,0,0,1,0,0,35000.0
2021,96833,0,1,0,1,0,0,0,0,1,0,0,0,0,0,0,0,1,0,0,41052.63157894737
2024,0,1,0,0,0,0,0,1,0,1,0,0,0,1,0,0,0,0,0,0,34900.0
2006,245000,0,1,0,1,0,0,0,0,0,1,0,0,0,0,0,0,0,1,0,15600.0
2017,149500,0,1,0,1,0,0,0,0,1,0,0,0,0,0,0,0,1,0,0,33900.0
2023,10000,0,1,0,1,0,0,0,0,1,0,0,0,0,0,0,0,1,0,0,60000.0
2023,0,1,0,0,0,0,0,1,0,1,0,0,0,1,0,0,0,0,0,0,29747.36842105263
2023,0,0,1,0,1,0,0,0,0,1,0,0,0,0,0,0,0,1,0,0,56076.55502392344
2018,96000,0,1,0,1,0,0,0,0,1,0,0,0,0,0,0,0,1,0,0,38000.0
2021,39000,0,1,0,1,0,0,0,0,1,0,0,0,0,0,0,0,1,0,0,46000.0
2001,338000,0,1,0,1,0,0,0,0,0,1,0,0,0,0,0,0,0,1,0,12500.0
2009,176000,0,1,0,1,0,0,0,0,1,0,0,0,0,0,0,0,0,1,0,20095.693779904308
2017,140505,0,1,0,1,0,0,0,0,1,0,0,0,0,0,0,0,1,0,0,33397.12918660287
2010,320000,0,1,0,1,0,0,0,0,1,0,0,0,0,0,0,0,0,1,0,18000.0
2017,95000,0,1,0,1,0,0,0,0,1,0,0,0,0,0,0,0,1,0,0,31578.947368421053
2006,235000,0,1,0,1,0,0,0,0,1,0,0,0,0,0,0,0,0,1,0,15000.0
2012,197400,0,0,1,0,0,0,1,0,1,0,0,0,0,1,0,0,0,0,0,12300.0
2013,135000,0,1,0,0,0,0,1,0,1,0,0,0,0,0,0,1,0,0,0,22009.569377990432
2024,500,0,1,0,1,0,0,0,0,1,0,0,0,0,0,0,0,1,0,0,57320.57416267943
2024,0,1,0,0,0,0,0,1,0,1,0,0,0,1,0,0,0,0,0,0,39952.153110047846
2019,65000,0,1,0,1,0,0,0,0,1,0,0,0,0,0,0,0,1,0,0,42000.0
2009,274000,0,1,0,1,0,0,0,0,0,1,0,0,0,0,0,0,0,1,0,21500.0
2023,1111111,0,1,0,1,0,0,0,0,1,0,0,0,0,0,0,0,1,0,0,64000.0
2016,148000,0,1,0,1,0,0,0,0,1,0,0,0,0,0,0,0,1,0,0,33500.0
2021,27000,1,0,0,0,0,0,1,0,1,0,0,0,1,0,0,0,0,0,0,29665.07177033493
2023,9000,1,0,0,0,0,0,0,0,1,0,0,1,0,0,0,0,0,0,0,33999.0
2023,0,0,1,0,1,0,0,0,0,1,0,0,0,0,0,0,0,1,0,0,57900.0
2022,27000,1,0,0,0,0,0,1,0,1,0,0,0,1,0,0,0,0,0,0,29600.0
2014,70000,0,1,0,1,0,0,0,0,0,1,0,0,0,0,0,0,0,1,0,26900.0
2018,120000,0,1,0,1,0,0,0,0,1,0,0,0,0,0,0,0,1,0,0,33000.0
2003,319000,0,1,0,1,0,0,0,0,0,1,0,0,0,0,0,0,0,1,0,18000.0
2024,1000,1,0,0,0,0,0,0,0,1,0,0,1,0,0,0,0,0,0,0,34354.066985645935
2018,70000,0,0,1,0,0,0,1,0,1,0,0,0,1,0,0,0,0,0,0,27800.0
2000,400000,0,1,0,1,0,0,0,0,0,1,0,0,0,0,0,0,0,1,0,14354.066985645934
2020,11371,0,1,0,1,0,0,0,0,1,0,1,0,0,0,0,0,0,0,0,46832.53588516746
2017,135000,0,1,0,1,0,0,0,0,1,0,0,0,0,0,0,0,1,0,0,34440.095693779906
2018,61000,0,1,0,1,0,0,0,0,1,0,0,0,0,0,0,0,1,0,0,41900.0
2005,270000,0,1,0,1,0,0,0,0,0,1,0,0,0,0,0,0,0,1,0,15800.0
2001,152000,0,1,0,1,0,0,0,0,0,1,0,0,0,0,0,0,0,1,0,31897.926315789475
2016,150000,0,1,0,1,0,0,0,0,1,0,0,0,0,0,0,0,1,0,0,30900.0
