Año,Kilómetros,Precio,Corolla Cross,Hilux SW4,RAV4,Diésel,Eléctrico,Híbrido,Nafta,Nafta/GNC,Automática,Manual,1,1.8,2.0,2.4,2.5,2.7,2.8,3.0,hibrido
2013,176000,22000.0,0,1,0,0,0,0,1,0,1,0,0,0,0,0,0,1,0,0,0
1999,516000,14800.0,0,1,0,1,0,0,0,0,0,1,0,0,0,0,0,0,0,1,0
2023,1111,36000.0,1,0,0,0,0,0,1,0,1,0,0,0,1,0,0,0,0,0,0
2023,2000,33900.0,1,0,0,0,0,0,1,0,1,0,0,0,1,0,0,0,0,0,0
2017,119000,32000.0,0,1,0,1,0,0,0,0,0,1,0,0,0,0,0,0,1,0,0
1999,285000,13400.0,0,1,0,1,0,0,0,0,0,1,0,0,0,0,0,0,0,1,0
2018,69000,39900.0,0,1,0,1,0,0,0,0,1,0,0,0,0,0,0,0,1,0,0
2021,24400,28700.0,1,0,0,0,0,0,1,0,1,0,0,0,1,0,0,0,0,0,0
2021,81300,44880.382775119615,0,1,0,1,0,0,0,0,1,0,0,0,0,0,0,0,1,0,0
2020,144000,40191.387559808616,0,1,0,1,0,0,0,0,1,0,0,0,0,0,0,0,1,0,0
2024,999,37320.57416267943,1,0,0,0,0,0,0,0,1,0,0,1,0,0,0,0,0,0,0
2023,0,29747.36842105263,1,0,0,0,0,0,1,0,1,0,0,0,1,0,0,0,0,0,0
2023,0,29747.36842105263,1,0,0,0,0,0,1,0,1,0,0,0,1,0,0,0,0,0,0
2022,41400,29282.296650717704,1,0,0,0,0,0,1,0,1,0,0,0,1,0,0,0,0,0,0
2011,185000,23000.0,0,1,0,1,0,0,0,0,1,0,0,0,0,0,0,0,0,1,0
2020,100000,38000.0,0,1,0,1,0,0,0,0,1,0,0,0,0,0,0,0,1,0,0
2024,500,34449.76076555024,1,0,0,0,0,0,0,0,1,0,0,1,0,0,0,0,0,0,0
2017,195000,31800.0,0,1,0,1,0,0,0,0,1,0,0,0,0,0,0,0,1,0,0
2024,1200,40900.0,1,0,0,0,0,0,0,0,1,0,0,1,0,0,0,0,0,0,0
2010,220000,26000.0,0,1,0,1,0,0,0,0,1,0,0,0,0,0,0,0,0,1,0
2017,90500,25358.851674641148,0,0,1,0,0,0,1,0,1,0,0,0,1,0,0,0,0,0,0
2019,70000,39900.0,0,1,0,1,0,0,0,0,1,0,0,0,0,0,0,0,1,0,0
2022,34985,30143.54066985646,1,0,0,0,0,0,1,0,1,0,0,0,1,0,0,0,0,0,0
2023,26000,48000.0,0,1,0,1,0,0,0,0,1,0,0,0,0,0,0,0,1,0,0
2006,265000,18500.0,0,1,0,1,0,0,0,0,1,0,0,0,0,0,0,0,0,1,0
2022,3400,35500.0,1,0,0,0,0,0,0,0,1,0,0,1,0,0,0,0,0,0,0
2021,90000,49000.0,0,1,0,1,0,0,0,0,1,0,0,0,0,0,0,0,1,0,0
2021,69000,45900.0,0,1,0,1,0,0,0,0,1,0,0,0,0,0,0,0,1,0,0
2006,243000,16000.0,0,1,0,1,0,0,0,0,1,0,0,0,0,0,0,0,0,1,0
2024,1500,38000.0,1,0,0,0,0,0,0,0,1,0,0,1,0,0,0,0,0,0,0
2008,200000,19010.0,0,1,0,1,0,0,0,0,0,1,0,0,0,0,0,0,0,1,0
2018,65000,40000.0,0,0,1,0,0,0,1,0,1,0,0,0,0,0,1,0,0,0,0
2011,1111111,18086.12440191388,0,1,0,1,0,0,0,0,1,0,0,0,0,0,0,0,0,1,0
2022,50600,34162.67942583732,1,0,0,0,0,0,1,0,1,0,0,0,0,0,0,0,0,0,0
2021,39000,46500.0,0,1,0,1,0,0,0,0,1,0,0,0,0,0,0,0,1,0,0
2018,126402,39234.44976076555,0,1,0,1,0,0,0,0,1,0,0,0,0,0,0,0,1,0,0
2023,0,33492.82296650718,1,0,0,0,0,0,1,0,1,0,0,0,1,0,0,0,0,0,0
1999,388000,15000.0,0,1,0,1,0,0,0,0,0,1,0,0,0,0,0,0,0,1,0
2017,16570,43400.0,0,1,0,1,0,0,0,0,1,0,0,0,0,0,0,0,1,0,0
2020,30000,40999.0,0,1,0,1,0,0,0,0,0,1,0,0,0,0,0,0,1,0,0
2012,152000,26500.0,0,1,0,1,0,0,0,0,1,0,0,0,0,0,0,0,0,1,0
2011,221000,22000.0,0,1,0,1,0,0,0,0,1,0,0,0,0,0,0,0,0,1,0
2008,220000,18181.81818181818,0,1,0,1,0,0,0,0,1,0,0,0,0,0,0,0,0,1,0
2020,43200,46500.0,0,1,0,1,0,0,0,0,1,0,0,0,0,0,0,0,1,0,0
2021,70000,48900.0,0,0,1,0,0,0,1,0,1,0,0,0,0,0,1,0,0,0,0
2018,108000,37000.0,0,1,0,1,0,0,0,0,1,0,0,0,0,0,0,0,1,0,0
2008,288000,8000.0,0,0,1,0,0,0,1,0,1,0,0,0,0,1,0,0,0,0,0
2023,9500,38086.12440191388,1,0,0,0,0,0,0,0,1,0,0,1,0,0,0,0,0,0,0
2021,117000,39500.0,0,1,0,1,0,0,0,0,1,0,0,0,0,0,0,0,1,0,0
2022,26000,33700.0,1,0,0,0,0,0,0,0,1,0,0,1,0,0,0,0,0,0,0
2013,135000,22009.569377990432,0,1,0,0,0,0,1,0,1,0,0,0,0,0,0,1,0,0,0
2017,72000,35406.6985645933,0,1,0,1,0,0,0,0,1,0,0,0,0,0,0,0,1,0,0
2017,152000,26794.258373205743,0,1,0,1,0,0,0,0,0,1,0,0,0,0,0,0,1,0,0
2024,1000,34354.066985645935,1,0,0,0,0,0,0,0,1,0,0,1,0,0,0,0,0,0,0
2008,198000,11661.244019138756,0,0,1,0,0,0,1,0,1,0,0,0,0,1,0,0,0,0,0
2013,140000,18500.0,0,0,1,0,0,0,1,0,1,0,0,0,0,0,1,0,0,0,0
2009,176000,20095.693779904308,0,1,0,1,0,0,0,0,1,0,0,0,0,0,0,0,0,1,0
2023,0,77033.49282296651,0,1,0,1,0,0,0,0,1,0,0,0,0,0,0,0,1,0,0
2017,149500,33900.0,0,1,0,1,0,0,0,0,1,0,0,0,0,0,0,0,1,0,0
2023,10000,34928.22966507177,1,0,0,0,0,0,0,0,1,0,0,1,0,0,0,0,0,0,0
2022,81501,42583.732057416266,0,1,0,1,0,0,0,0,1,0,0,0,0,0,0,0,1,0,0
2009,302000,19500.0,0,1,0,1,0,0,0,0,0,1,0,0,0,0,0,0,0,1,0
2024,10000,60000.0,0,1,0,1,0,0,0,0,1,0,0,0,0,0,0,0,1,0,0
2021,15900,47751.196172248805,0,1,0,1,0,0,0,0,1,0,0,0,0,0,0,0,1,0,0
2009,259000,19000.0,0,1,0,1,0,0,0,0,0,1,0,0,0,0,0,0,0,1,0
2022,74000,19138.75598086124,1,0,0,0,0,0,1,0,1,0,0,0,1,0,0,0,0,0,0
2024,1111111,36500.0,1,0,0,0,0,0,0,0,1,0,0,1,0,0,0,0,0,0,0
2022,39112,34000.0,1,0,0,0,0,0,0,0,1,0,0,1,0,0,0,0,0,0,0
2022,16000,50000.0,0,1,0,1,0,0,0,0,1,0,0,0,0,0,0,0,1,0,0
2019,52000,42000.0,0,0,1,0,0,0,0,0,1,0,0,0,0,0,1,0,0,0,0
2024,0,29747.36842105263,1,0,0,0,0,0,1,0,1,0,0,0,1,0,0,0,0,0,0
2022,31421,33400.0,1,0,0,0,0,0,1,0,1,0,0,0,1,0,0,0,0,0,0
2009,220000,10047.846889952154,0,0,1,0,0,0,1,0,1,0,0,0,0,1,0,0,0,0,0
2007,210000,16500.0,0,1,0,1,0,0,0,0,1,0,0,0,0,0,0,0,0,1,0
2017,118000,35000.0,0,1,0,1,0,0,0,0,1,0,0,0,0,0,0,0,1,0,0
2016,170000,32000.0,0,1,0,1,0,0,0,0,1,0,0,0,0,0,0,0,1,0,0
2023,10000,53900.0,0,1,0,1,0,0,0,0,1,0,0,0,0,0,0,0,1,0,0
2023,0,56459.33014354067,0,1,0,1,0,0,0,0,1,0,0,0,0,0,0,0,1,0,0
2009,200000,22500.0,0,1,0,1,0,0,0,0,1,0,0,0,0,0,0,0,0,1,0
2024,1600,38900.0,1,0,0,0,0,0,0,0,1,0,0,0,0,0,0,0,0,0,1
2023,0,1387.5598086124403,1,0,0,0,0,0,1,0,1,0,0,0,1,0,0,0,0,0,0
2024,0,30622.00956937799,1,0,0,0,0,0,1,0,1,0,0,0,1,0,0,0,0,0,0
2011,190000,20095.693779904308,0,1,0,1,0,0,0,0,1,0,0,0,0,0,0,0,0,1,0
2006,300000,16800.0,0,1,0,1,0,0,0,0,0,1,0,0,0,0,0,0,0,1,0
2023,4000,54500.0,0,1,0,1,0,0,0,0,1,0,0,0,0,0,0,0,1,0,0
2018,182000,39000.0,0,1,0,1,0,0,0,0,1,0,0,0,0,0,0,0,1,0,0
2020,123000,41500.0,0,1,0,1,0,0,0,0,1,0,0,0,0,0,0,0,1,0,0
2021,31000,49500.0,0,1,0,1,0,0,0,0,1,0,0,0,0,0,0,0,1,0,0
2014,60000,23500.0,0,1,0,0,0,0,1,0,1,0,0,0,0,0,0,1,0,0,0
2012,128000,13800.0,0,0,1,0,0,0,1,0,1,0,0,0,0,1,0,0,0,0,0
2022,18000,52000.0,0,1,0,1,0,0,0,0,0,1,0,0,0,0,0,0,1,0,0
2024,0,62000.0,0,1,0,1,0,0,0,0,1,0,0,0,0,0,0,0,0,0,0
2015,175000,26500.0,0,1,0,1,0,0,0,0,0,1,0,0,0,0,0,0,0,1,0
2008,295000,21800.0,0,1,0,1,0,0,0,0,0,1,0,0,0,0,0,0,0,1,0
2012,230000,13875.598086124402,0,0,1,0,0,0,1,0,1,0,0,0,0,1,0,0,0,0,0
2012,220000,24500.0,0,1,0,1,0,0,0,0,1,0,0,0,0,0,0,0,0,1,0
2023,8000,28708.133971291867,1,0,0,0,0,0,1,0,1,0,0,0,1,0,0,0,0,0,0
2022,68800,24401.91387559809,1,0,0,0,0,0,1,0,1,0,0,0,0,0,0,0,0,0,0
2022,46000,31483.253588516745,1,0,0,0,0,0,0,0,1,0,0,1,0,0,0,0,0,0,0
2023,0,31338.75598086124,1,0,0,0,0,0,0,0,1,0,0,1,0,0,0,0,0,0,0
2011,150000,14500.0,0,0,1,0,0,0,1,0,1,0,0,0,0,1,0,0,0,0,0
2016,110000,33500.0,0,1,0,1,0,0,0,0,1,0,0,0,0,0,0,0,1,0,0
2022,0,46889.95215311005,0,1,0,1,0,0,0,0,0,1,0,0,0,0,0,0,1,0,0
2020,77000,44460.0,0,1,0,1,0,0,0,0,1,0,0,0,0,0,0,0,1,0,0
2024,0,36900.0,1,0,0,0,0,0,1,0,1,0,0,0,1,0,0,0,0,0,0
2014,108000,19138.75598086124,0,1,0,1,0,0,0,0,0,1,0,0,0,0,0,0,0,1,0
2017,97000,29000.0,0,0,1,0,0,0,1,0,1,0,0,0,0,0,1,0,0,0,0
2024,1000,36800.0,1,0,0,0,0,0,1,0,1,0,0,0,1,0,0,0,0,0,0
2008,250000,17900.0,0,1,0,1,0,0,0,0,0,1,0,0,0,0,0,0,0,1,0
2018,85282,41300.0,0,1,0,1,0,0,0,0,1,0,0,0,0,0,0,0,1,0,0
2022,15000,59000.0,0,1,0,1,0,0,0,0,1,0,0,0,0,0,0,0,1,0,0
2011,240000,19900.0,0,1,0,1,0,0,0,0,1,0,0,0,0,0,0,0,0,1,0
2023,6000,38000.0,1,0,0,0,0,0,1,0,1,0,0,0,1,0,0,0,0,0,0
2016,193000,28400.0,0,1,0,1,0,0,0,0,1,0,0,0,0,0,0,0,1,0,0
2023,20000,33000.0,1,0,0,0,0,0,1,0,1,0,0,0,1,0,0,0,0,0,0
2016,150000,35800.0,0,1,0,1,0,0,0,0,1,0,0,0,0,0,0,0,1,0,0
2018,120000,34500.0,0,1,0,1,0,0,0,0,1,0,0,0,0,0,0,0,1,0,0
2024,0,37799.04306220096,1,0,0,0,0,0,1,0,1,0,0,0,1,0,0,0,0,0,0
2024,0,54225.64593301436,0,1,0,1,0,0,0,0,1,0,0,0,0,0,0,0,1,0,0
2018,75000,42000.0,0,1,0,1,0,0,0,0,1,0,0,0,0,0,0,0,1,0,0
2011,273852,20000.0,0,1,0,1,0,0,0,0,0,1,0,0,0,0,0,0,0,1,0
2024,0,40900.0,1,0,0,0,0,0,0,0,1,0,0,1,0,0,0,0,0,0,0
2024,0,38000.0,1,0,0,0,0,1,0,0,1,0,0,0,0,0,0,0,0,0,0
2023,8200,49800.0,0,1,0,1,0,0,0,0,1,0,0,0,0,0,0,0,1,0,0
2021,30000,33000.0,1,0,0,0,0,0,1,0,1,0,0,0,1,0,0,0,0,0,0
2023,2000,33900.0,1,0,0,0,0,0,1,0,1,0,0,0,1,0,0,0,0,0,0
2014,149000,22900.0,0,0,1,0,0,0,1,0,1,0,0,0,0,0,1,0,0,0,0
1997,334000,9377.990430622009,0,1,0,0,0,0,1,0,0,1,0,0,0,0,0,1,0,0,0
2023,0,30430.62200956938,1,0,0,0,0,0,1,0,1,0,0,0,1,0,0,0,0,0,0
2013,205000,23444.019138755983,0,1,0,0,0,0,1,0,1,0,0,0,0,0,0,1,0,0,0
2016,180000,33492.82296650718,0,1,0,1,0,0,0,0,0,1,0,0,0,0,0,0,1,0,0
2024,0,37990.43062200957,1,0,0,0,0,1,0,0,1,0,0,1,0,0,0,0,0,0,0
2021,35000,29900.0,1,0,0,0,0,0,1,0,1,0,0,0,1,0,0,0,0,0,0
2023,1000,28000.0,1,0,0,0,0,0,1,0,1,0,0,0,1,0,0,0,0,0,0
1997,300000,11000.0,0,1,0,1,0,0,0,0,0,1,0,0,0,0,0,0,0,1,0
2010,287000,12440.19138755981,0,0,1,0,0,0,1,0,1,0,0,0,0,1,0,0,0,0,0
2008,197800,11674.64114832536,0,0,1,0,0,0,1,0,1,0,0,0,0,1,0,0,0,0,0
2012,87000,24000.0,0,1,0,1,0,0,0,0,0,1,0,0,0,0,0,0,0,1,0
2015,160000,26500.0,0,1,0,0,0,0,1,0,1,0,0,0,0,0,0,1,0,0,0
2021,38000,25741.531100478467,1,0,0,0,0,0,1,0,1,0,0,0,1,0,0,0,0,0,0
2023,0,60287.08133971292,0,1,0,1,0,0,0,0,1,0,0,0,0,0,0,0,1,0,0
2023,13000,52631.57894736842,0,1,0,1,0,0,0,0,1,0,0,0,0,0,0,0,1,0,0
2009,186000,10047.846889952154,0,0,1,0,0,0,1,0,1,0,0,0,0,1,0,0,0,0,0
2020,38000,43540.66985645933,0,1,0,1,0,0,0,0,1,0,0,0,0,0,0,0,1,0,0
2022,13800,31510.0,1,0,0,0,0,0,1,0,1,0,0,0,1,0,0,0,0,0,0
2012,168000,12430.526315789471,0,0,1,0,0,0,1,0,1,0,0,0,0,1,0,0,0,0,0
2018,100000,28000.0,0,0,1,0,0,0,1,0,1,0,0,0,1,0,0,0,0,0,0
2017,100000,30478.468899521533,0,1,0,1,0,0,0,0,0,1,0,0,0,0,0,0,1,0,0
2023,500,34000.0,1,0,0,0,0,0,0,0,1,0,0,1,0,0,0,0,0,0,0
2017,216000,34000.0,0,1,0,1,0,0,0,0,1,0,0,0,0,0,0,0,1,0,0
2021,69000,26784.68899521531,1,0,0,0,0,0,1,0,1,0,0,0,1,0,0,0,0,0,0
2013,240000,15000.0,0,0,1,0,0,0,1,0,1,0,0,0,0,1,0,0,0,0,0
2023,33000,28000.0,1,0,0,0,0,0,1,0,1,0,0,0,1,0,0,0,0,0,0
2022,30000,31000.0,1,0,0,0,0,0,1,0,1,0,0,0,1,0,0,0,0,0,0
2018,115000,35885.167464114835,0,1,0,1,0,0,0,0,1,0,0,0,0,0,0,0,1,0,0
2008,235000,24784.68899521531,0,1,0,1,0,0,0,0,0,1,0,0,0,0,0,0,0,1,0
2010,245000,23500.0,0,1,0,1,0,0,0,0,1,0,0,0,0,0,0,0,0,1,0
2011,382000,18000.0,0,1,0,1,0,0,0,0,0,1,0,0,0,0,0,0,0,1,0
2019,29000,43000.0,0,1,0,1,0,0,0,0,0,1,0,0,0,0,0,0,1,0,0
2024,0,38000.0,1,0,0,0,0,0,0,0,1,0,0,1,0,0,0,0,0,0,0
2024,0,38181.81818181818,1,0,0,0,0,0,1,0,1,0,0,0,1,0,0,0,0,0,0
2022,1000,32800.0,1,0,0,0,0,0,0,0,1,0,0,1,0,0,0,0,0,0,0
2018,119000,34258.37320574163,0,0,1,0,0,0,1,0,1,0,0,0,0,0,1,0,0,0,0
2023,3600,60500.0,0,1,0,1,0,0,0,0,1,0,0,0,0,0,0,0,1,0,0
2014,126000,18181.81818181818,0,0,1,0,0,0,1,0,1,0,0,0,1,0,0,0,0,0,0
2021,91220,28900.0,1,0,0,0,0,0,0,0,1,0,0,1,0,0,0,0,0,0,0
2017,61000,24210.52631578948,0,0,1,0,0,0,1,0,1,0,0,0,1,0,0,0,0,0,0
2013,78800,21531.1004784689,0,1,0,0,0,0,1,0,1,0,0,0,0,0,0,1,0,0,0
2001,338000,12500.0,0,1,0,1,0,0,0,0,0,1,0,0,0,0,0,0,0,1,0
2011,215000,25500.0,0,1,0,1,0,0,0,0,1,0,0,0,0,0,0,0,0,1,0
2020,69000,43000.0,0,1,0,1,0,0,0,0,1,0,0,0,0,0,0,0,1,0,0
2018,70000,37000.0,0,1,0,1,0,0,0,0,1,0,0,0,0,0,0,0,1,0,0
2023,0,58373.20574162679,0,1,0,1,0,0,0,0,1,0,0,0,0,0,0,0,1,0,0
2021,41085,44976.07655502392,0,1,0,1,0,0,0,0,0,1,0,0,0,0,0,0,1,0,0
2021,14574,50277.511961722485,0,1,0,1,0,0,0,0,1,0,1,0,0,0,0,0,0,0,0
2021,23500,33500.0,1,0,0,0,0,0,1,0,1,0,0,0,1,0,0,0,0,0,0
2021,115000,43062.2009569378,0,1,0,1,0,0,0,0,1,0,0,0,0,0,0,0,1,0,0
2023,10000,31100.47846889952,1,0,0,0,0,0,1,0,1,0,0,0,1,0,0,0,0,0,0
2022,18000,33500.0,1,0,0,0,0,0,1,0,1,0,0,0,1,0,0,0,0,0,0
2023,6800,36000.0,1,0,0,0,0,0,1,0,1,0,0,0,1,0,0,0,0,0,0
2024,0,29747.36842105263,1,0,0,0,0,0,1,0,1,0,0,0,1,0,0,0,0,0,0
2023,0,28602.87081339713,1,0,0,0,0,0,1,0,1,0,0,0,1,0,0,0,0,0,0
2023,0,29747.36842105263,1,0,0,0,0,0,1,0,1,0,0,0,1,0,0,0,0,0,0
2022,32000,54000.0,0,1,0,1,0,0,0,0,1,0,0,0,0,0,0,0,1,0,0
2022,1000,31482.296650717704,1,0,0,0,0,0,1,0,1,0,0,0,1,0,0,0,0,0,0
2022,28000,32499.0,1,0,0,0,0,0,1,0,1,0,0,0,1,0,0,0,0,0,0
2018,70000,27800.0,0,0,1,0,0,0,1,0,1,0,0,0,1,0,0,0,0,0,0
2022,27500,57750.0,0,0,1,0,0,0,0,0,1,0,0,0,0,0,1,0,0,0,0
2018,88000,24100.0,0,0,1,0,0,0,1,0,1,0,0,0,1,0,0,0,0,0,0
2021,14000,55000.0,0,1,0,1,0,0,0,0,1,0,0,0,0,0,0,0,1,0,0
2022,38000,30000.0,1,0,0,0,0,0,1,0,1,0,0,0,1,0,0,0,0,0,0
2024,111111,34928.22966507177,1,0,0,0,0,0,1,0,1,0,0,0,1,0,0,0,0,0,0
2023,14000,53900.0,0,1,0,1,0,0,0,0,1,0,0,0,0,0,0,0,1,0,0
2020,84000,50000.0,0,0,1,0,0,0,0,0,1,0,0,0,0,0,1,0,0,0,0
2019,42000,41000.0,0,1,0,1,0,0,0,0,1,0,0,0,0,0,0,0,1,0,0
2008,210000,18900.0,0,1,0,1,0,0,0,0,0,1,0,0,0,0,0,0,0,1,0
2016,91700,37800.0,0,1,0,1,0,0,0,0,1,0,0,0,0,0,0,0,1,0,0
2013,178000,26500.0,0,1,0,1,0,0,0,0,1,0,0,0,0,0,0,0,0,1,0
2019,93000,38500.0,0,1,0,1,0,0,0,0,0,1,0,0,0,0,0,0,1,0,0
2007,170000,22000.0,0,1,0,1,0,0,0,0,0,1,0,0,0,0,0,0,0,1,0
2024,1000,38000.0,1,0,0,0,0,0,1,0,1,0,0,0,1,0,0,0,0,0,0
2023,0,37799.04306220096,1,0,0,0,0,0,1,0,1,0,0,0,1,0,0,0,0,0,0
2013,195000,27000.0,0,1,0,1,0,0,0,0,0,1,0,0,0,0,0,0,0,1,0
2021,49000,25837.32057416268,1,0,0,0,0,0,1,0,1,0,0,0,1,0,0,0,0,0,0
2013,120000,27000.0,0,1,0,1,0,0,0,0,0,1,0,0,0,0,0,0,0,1,0
2021,8935,50000.0,0,1,0,1,0,0,0,0,0,1,0,0,0,0,0,0,1,0,0
2022,37000,27272.727272727272,1,0,0,0,0,0,1,0,1,0,0,0,1,0,0,0,0,0,0
2014,148000,21000.0,0,0,1,0,0,0,1,0,1,0,0,0,0,0,1,0,0,0,0
2023,18644,35000.0,1,0,0,0,0,0,1,0,1,0,0,0,1,0,0,0,0,0,0
2019,62033,37224.88038277512,0,1,0,1,0,0,0,0,0,1,0,0,0,0,0,0,1,0,0
2023,0,58851.674641148325,0,1,0,1,0,0,0,0,1,0,0,0,0,0,0,0,1,0,0
2014,190000,25900.0,0,1,0,1,0,0,0,0,1,0,0,0,0,0,0,0,0,1,0
2024,1000,29747.36842105263,1,0,0,0,0,0,1,0,1,0,0,0,1,0,0,0,0,0,0
2012,145000,14500.0,0,0,1,0,0,0,1,0,1,0,0,0,0,1,0,0,0,0,0
2021,27000,29665.07177033493,1,0,0,0,0,0,1,0,1,0,0,0,1,0,0,0,0,0,0
2023,0,54500.0,0,1,0,1,0,0,0,0,1,0,0,0,0,0,0,0,1,0,0
2002,275000,10500.0,0,1,0,1,0,0,0,0,0,1,0,0,0,0,0,0,0,1,0
2022,13000,65000.0,0,1,0,1,0,0,0,0,1,0,0,0,0,0,0,0,1,0,0
2023,40000,47368.42105263158,0,1,0,1,0,0,0,0,1,0,0,0,0,0,0,0,1,0,0
2024,1500,29760.76555023924,1,0,0,0,0,0,1,0,1,0,0,0,1,0,0,0,0,0,0
2022,50000,47500.0,0,1,0,1,0,0,0,0,1,0,0,0,0,0,0,0,1,0,0
2024,0,32516.74641148325,1,0,0,0,0,0,0,0,1,0,0,1,0,0,0,0,0,0,0
2009,325000,12500.0,0,0,1,0,0,0,1,0,1,0,0,0,0,1,0,0,0,0,0
2023,0,54880.382775119615,0,1,0,1,0,0,0,0,1,0,0,0,0,0,0,0,1,0,0
2020,57000,43000.0,0,1,0,1,0,0,0,0,1,0,0,0,0,0,0,0,1,0,0
2005,270000,15800.0,0,1,0,1,0,0,0,0,0,1,0,0,0,0,0,0,0,1,0
2016,120000,32535.88516746412,0,1,0,1,0,0,0,0,1,0,0,0,0,0,0,0,1,0,0
2021,28000,42000.0,0,1,0,1,0,0,0,0,0,1,0,0,0,0,0,0,1,0,0
2023,2500,65000.0,1,0,0,0,0,0,1,0,1,0,0,0,1,0,0,0,0,0,0
2022,16000,49500.0,0,1,0,1,0,0,0,0,1,0,0,0,0,0,0,0,1,0,0
2023,0,37500.0,1,0,0,0,0,0,1,0,1,0,0,0,1,0,0,0,0,0,0
2024,0,53687.36842105263,0,1,0,1,0,0,0,0,1,0,0,0,0,0,0,0,0,0,0
2012,150000,13875.598086124402,0,0,1,0,0,0,1,0,1,0,0,0,0,1,0,0,0,0,0
2011,307000,18000.0,0,1,0,1,0,0,0,0,0,1,0,0,0,0,0,0,0,1,0
2021,43000,53000.0,0,1,0,1,0,0,0,0,1,0,0,0,0,0,0,0,1,0,0
2022,17500,28708.133971291867,1,0,0,0,0,0,1,0,1,0,0,0,1,0,0,0,0,0,0
2012,220662,26000.0,0,1,0,1,0,0,0,0,1,0,0,0,0,0,0,0,0,1,0
2023,2100,53000.0,0,1,0,1,0,0,0,0,1,0,0,0,0,0,0,0,1,0,0
2024,500,35500.0,1,0,0,0,0,0,1,0,1,0,0,0,1,0,0,0,0,0,0
2024,0,32440.191387559807,1,0,0,0,0,0,1,0,1,0,0,0,1,0,0,0,0,0,0
2016,107000,31300.0,0,1,0,1,0,0,0,0,1,0,0,0,0,0,0,0,1,0,0
2023,32000,59900.0,0,1,0,1,0,0,0,0,1,0,0,0,0,0,0,0,1,0,0
2017,150000,34449.76076555024,0,1,0,1,0,0,0,0,1,0,0,0,0,0,0,0,1,0,0
2023,41000,52000.0,0,1,0,1,0,0,0,0,1,0,0,0,0,0,0,0,1,0,0
2021,12037,29483.253588516745,1,0,0,0,0,0,1,0,1,0,1,0,0,0,0,0,0,0,0
2022,8300,35000.0,1,0,0,0,0,0,0,0,1,0,0,1,0,0,0,0,0,0,0
2019,107000,36500.0,0,1,0,1,0,0,0,0,1,0,0,0,0,0,0,0,1,0,0
2023,500,40900.0,1,0,0,0,0,0,0,0,1,0,0,1,0,0,0,0,0,0,0
2024,6000,35900.0,1,0,0,0,0,0,1,0,1,0,0,0,1,0,0,0,0,0,0
2015,135627,19300.0,0,0,1,0,0,0,1,0,1,0,0,0,1,0,0,0,0,0,0
2007,250000,18500.0,0,1,0,1,0,0,0,0,1,0,0,0,0,0,0,0,0,1,0
2022,54000,29000.0,1,0,0,0,0,0,0,0,1,0,0,1,0,0,0,0,0,0,0
2009,240000,10000.0,0,0,1,0,0,0,1,0,1,0,0,0,0,1,0,0,0,0,0
2022,17000,32500.0,1,0,0,0,0,0,1,0,1,0,0,0,1,0,0,0,0,0,0
2006,280000,12900.0,0,1,0,1,0,0,0,0,0,1,0,0,0,0,0,0,0,1,0
2024,0,29747.36842105263,1,0,0,0,0,0,1,0,1,0,0,0,1,0,0,0,0,0,0
2024,1111,40500.0,1,0,0,0,0,0,1,0,1,0,0,0,1,0,0,0,0,0,0
2023,0,30526.315789473683,1,0,0,0,0,0,1,0,1,0,0,0,1,0,0,0,0,0,0
2012,280000,10526.315789473683,0,0,1,0,0,0,1,0,1,0,0,0,0,1,0,0,0,0,0
2003,319000,18000.0,0,1,0,1,0,0,0,0,0,1,0,0,0,0,0,0,0,1,0
2018,93600,37800.0,0,1,0,1,0,0,0,0,1,0,0,0,0,0,0,0,1,0,0
2024,0,74641.14832535885,0,1,0,1,0,0,0,0,1,0,0,0,0,0,0,0,0,0,0
1998,270000,14000.0,0,1,0,0,0,0,1,0,0,1,0,0,0,0,0,1,0,0,0
2011,223000,12344.497607655505,0,0,1,0,0,0,1,0,1,0,0,0,0,1,0,0,0,0,0
2023,15000,59500.0,0,1,0,1,0,0,0,0,1,0,0,0,0,0,0,0,1,0,0
2017,210000,31500.0,0,1,0,1,0,0,0,0,0,1,0,0,0,0,0,0,1,0,0
2022,64237,25186.6028708134,1,0,0,0,0,0,1,0,1,0,0,0,1,0,0,0,0,0,0
2018,94999,37000.0,0,1,0,1,0,0,0,0,1,0,0,0,0,0,0,0,1,0,0
2017,59963,40191.387559808616,0,1,0,1,0,0,0,0,0,1,0,0,0,0,0,0,1,0,0
2021,50000,46500.0,0,1,0,1,0,0,0,0,0,1,0,0,0,0,0,0,1,0,0
2014,138000,28900.0,0,1,0,1,0,0,0,0,0,1,0,0,0,0,0,0,0,1,0
2006,175000,19200.0,0,1,0,1,0,0,0,0,1,0,0,0,0,0,0,0,0,1,0
1997,535000,15000.0,0,1,0,1,0,0,0,0,0,1,0,0,0,0,0,0,0,1,0
2017,95000,30900.0,0,0,1,0,0,0,1,0,1,0,0,0,0,0,1,0,0,0,0
2023,500,33500.0,1,0,0,0,0,0,1,0,1,0,0,0,1,0,0,0,0,0,0
2024,0,60250.71770334928,0,1,0,1,0,0,0,0,1,0,0,0,0,0,0,0,1,0,0
2019,47843,42526.31578947369,0,1,0,1,0,0,0,0,1,0,1,0,0,0,0,0,0,0,0
2013,220000,26300.0,0,1,0,1,0,0,0,0,1,0,0,0,0,0,0,0,0,1,0
2001,356000,15700.0,0,1,0,1,0,0,0,0,0,1,0,0,0,0,0,0,0,1,0
2022,20000,30000.0,1,0,0,0,0,0,0,0,1,0,0,1,0,0,0,0,0,0,0
2010,170400,10999.0,0,0,1,0,0,0,1,0,1,0,0,0,0,1,0,0,0,0,0
2012,186000,14000.0,0,0,1,0,0,0,1,0,1,0,0,0,0,1,0,0,0,0,0
2019,106250,36363.63636363636,0,1,0,1,0,0,0,0,0,1,0,0,0,0,0,0,1,0,0
2021,51700,30526.315789473683,1,0,0,0,0,0,1,0,1,0,0,0,1,0,0,0,0,0,0
2018,69421,28905.263157894737,0,0,1,0,0,0,1,0,1,0,0,0,1,0,0,0,0,0,0
2015,90000,28229.66507177033,0,1,0,1,0,0,0,0,0,1,0,0,0,0,0,0,0,1,0
2024,0,32535.88516746412,1,0,0,0,0,0,1,0,1,0,0,0,1,0,0,0,0,0,0
2018,77000,39500.0,0,1,0,1,0,0,0,0,1,0,0,0,0,0,0,0,1,0,0
2022,11660,47846.88995215311,0,1,0,1,0,0,0,0,1,0,0,0,0,0,0,0,1,0,0
2016,235000,31000.0,0,1,0,1,0,0,0,0,0,1,0,0,0,0,0,0,1,0,0
2023,1111,58900.0,0,1,0,1,0,0,0,0,1,0,0,0,0,0,0,0,1,0,0
2024,0,36363.63636363636,1,0,0,0,0,0,0,0,1,0,0,1,0,0,0,0,0,0,0
2008,275000,21000.0,0,1,0,1,0,0,0,0,0,1,0,0,0,0,0,0,0,1,0
2022,7000,32000.0,1,0,0,0,0,0,0,0,1,0,0,1,0,0,0,0,0,0,0
2021,45000,57000.0,0,0,1,0,0,0,0,0,1,0,0,0,0,0,1,0,0,0,0
2021,86743,45933.01435406699,0,1,0,1,0,0,0,0,1,0,0,0,0,0,0,0,1,0,0
2018,35000,35500.0,0,0,1,0,0,0,1,0,1,0,0,0,0,0,1,0,0,0,0
2023,1111,55500.0,0,1,0,1,0,0,0,0,1,0,0,0,0,0,0,0,1,0,0
2023,0,53588.516746411486,0,1,0,1,0,0,0,0,1,0,0,0,0,0,0,0,1,0,0
2023,15000,34500.0,1,0,0,0,0,0,1,0,1,0,0,0,1,0,0,0,0,0,0
2023,4800,33900.0,1,0,0,0,0,0,1,0,1,0,0,0,1,0,0,0,0,0,0
2023,9600,35500.0,1,0,0,0,0,0,1,0,1,0,0,0,1,0,0,0,0,0,0
2023,1000,71900.0,0,0,1,0,0,0,0,0,1,0,0,0,0,0,1,0,0,0,0
2009,190000,19900.0,0,1,0,1,0,0,0,0,0,1,0,0,0,0,0,0,0,1,0
2019,59000,42000.0,0,0,1,0,0,0,0,0,1,0,0,0,0,0,0,0,0,0,0
2022,13800,31291.866028708133,1,0,0,0,0,0,1,0,1,0,0,0,1,0,0,0,0,0,0
2021,40000,47000.0,0,1,0,1,0,0,0,0,1,0,0,0,0,0,0,0,1,0,0
2022,35000,28500.0,1,0,0,0,0,0,1,0,1,0,0,0,1,0,0,0,0,0,0
2023,1000,11655.406698564591,1,0,0,0,0,0,1,0,1,0,0,0,1,0,0,0,0,0,0
2016,82700,35000.0,0,1,0,1,0,0,0,0,1,0,0,0,0,0,0,0,1,0,0
2023,0,55023.92344497608,0,1,0,1,0,0,0,0,0,1,0,0,0,0,0,0,1,0,0
2022,36000,29000.0,1,0,0,0,0,0,1,0,1,0,0,0,1,0,0,0,0,0,0
2017,100000,37000.0,0,1,0,1,0,0,0,0,1,0,0,0,0,0,0,0,1,0,0
2013,214000,26000.0,0,1,0,1,0,0,0,0,1,0,0,0,0,0,0,0,0,1,0
2023,11200,58000.0,0,1,0,1,0,0,0,0,1,0,0,0,0,0,0,0,1,0,0
2024,0,38500.0,1,0,0,0,0,0,0,0,1,0,0,1,0,0,0,0,0,0,0
2021,48500,30526.315789473683,1,0,0,0,0,0,0,0,1,0,0,1,0,0,0,0,0,0,0
2014,1111,27000.0,0,1,0,1,0,0,0,0,1,0,0,0,0,0,0,0,0,1,0
2013,90000,23444.976076555024,0,1,0,0,0,0,1,0,1,0,0,0,0,0,0,1,0,0,0
2000,343300,14500.0,0,1,0,1,0,0,0,0,0,1,0,0,0,0,0,0,0,1,0
2023,0,31849.76076555024,1,0,0,0,0,0,1,0,1,0,0,0,1,0,0,0,0,0,0
2018,77000,39000.0,0,1,0,1,0,0,0,0,1,0,0,0,0,0,0,0,1,0,0
2024,1111,34500.0,1,0,0,0,0,1,0,0,1,0,0,0,0,0,0,0,0,0,0
2016,148000,33500.0,0,1,0,1,0,0,0,0,1,0,0,0,0,0,0,0,1,0,0
2006,283307,19000.0,0,1,0,1,0,0,0,0,0,1,0,0,0,0,0,0,0,1,0
2022,30000,36000.0,1,0,0,0,0,0,0,0,1,0,0,1,0,0,0,0,0,0,0
2017,61000,39000.0,0,1,0,1,0,0,0,0,1,0,0,0,0,0,0,0,1,0,0
2018,195000,32000.0,0,1,0,1,0,0,0,0,0,1,0,0,0,0,0,0,1,0,0
2023,0,35311.004784688994,1,0,0,0,0,0,1,0,1,0,0,0,1,0,0,0,0,0,0
2022,78546,24401.91387559809,1,0,0,0,0,0,1,0,1,0,0,0,0,0,0,0,0,0,0
2014,116000,17900.0,0,0,1,0,0,0,1,0,1,0,0,0,1,0,0,0,0,0,0
2023,5600,32500.0,1,0,0,0,0,0,1,0,1,0,0,0,1,0,0,0,0,0,0
2008,300000,17129.186602870814,0,1,0,1,0,0,0,0,1,0,0,0,0,0,0,0,0,1,0
2023,6200,33700.0,1,0,0,0,0,0,1,0,1,0,0,0,1,0,0,0,0,0,0
2024,1500,38500.0,1,0,0,0,0,0,0,0,1,0,0,1,0,0,0,0,0,0,0
2024,0,65000.0,0,1,0,1,0,0,0,0,1,0,0,0,0,0,0,0,1,0,0
2022,0,31483.253588516745,1,0,0,0,0,0,1,0,1,0,0,0,1,0,0,0,0,0,0
2023,500,37224.88038277512,1,0,0,0,0,0,0,0,1,0,0,0,0,0,0,0,0,0,0
2022,73033,55800.0,0,0,1,0,0,1,0,0,1,0,0,0,0,0,0,0,0,0,0
2017,105000,35000.0,0,1,0,1,0,0,0,0,1,0,0,0,0,0,0,0,1,0,0
2017,117000,35900.0,0,1,0,1,0,0,0,0,1,0,0,0,0,0,0,0,1,0,0
2023,1000,37224.88038277512,1,0,0,0,0,0,0,0,1,0,0,1,0,0,0,0,0,0,0
2017,102402,30622.00956937799,0,1,0,1,0,0,0,0,0,1,0,0,0,0,0,0,1,0,0
2020,40460,43500.0,0,1,0,1,0,0,0,0,0,1,0,0,0,0,0,0,1,0,0
2008,280000,16000.0,0,1,0,1,0,0,0,0,0,1,0,0,0,0,0,0,0,1,0
2015,64000,30500.0,0,1,0,1,0,0,0,0,0,1,0,0,0,0,0,0,0,1,0
2018,134000,36000.0,0,1,0,1,0,0,0,0,1,0,0,0,0,0,0,0,1,0,0
2024,0,62200.95693779904,0,1,0,1,0,0,0,0,1,0,0,0,0,0,0,0,1,0,0
2024,1400,33500.0,1,0,0,0,0,0,0,0,1,0,0,1,0,0,0,0,0,0,0
2024,0,28638.66028708134,1,0,0,0,0,0,1,0,1,0,0,0,1,0,0,0,0,0,0
2022,12600,30900.0,1,0,0,0,0,0,0,0,1,0,0,1,0,0,0,0,0,0,0
2017,112000,32900.0,0,1,0,1,0,0,0,0,0,1,0,0,0,0,0,0,1,0,0
2019,123000,33971.29186602871,0,1,0,1,0,0,0,0,1,0,0,0,0,0,0,0,1,0,0
2024,1500,35406.6985645933,1,0,0,0,0,0,1,0,1,0,0,0,1,0,0,0,0,0,0
2023,0,55023.92344497608,0,1,0,0,1,0,0,0,1,0,0,0,0,0,0,0,1,0,0
2022,90000,48000.0,0,1,0,1,0,0,0,0,1,0,0,0,0,0,0,0,0,0,0
2017,140000,34354.066985645935,0,1,0,1,0,0,0,0,1,0,0,0,0,0,0,0,1,0,0
2013,185000,23913.875598086124,0,1,0,1,0,0,0,0,0,1,0,0,0,0,0,0,0,1,0
2000,148800,13672.727272727272,0,1,0,1,0,0,0,0,0,1,0,0,0,0,0,0,0,1,0
2008,130000,11952.057416267942,0,0,1,0,0,0,1,0,1,0,0,0,0,1,0,0,0,0,0
2017,138000,37320.57416267943,0,1,0,1,0,0,0,0,1,0,0,0,0,0,0,0,1,0,0
2021,47800,30500.0,1,0,0,0,0,0,0,0,1,0,0,1,0,0,0,0,0,0,0
2021,114778,46889.95215311005,0,1,0,1,0,0,0,0,1,0,0,0,0,0,0,0,1,0,0
2014,115000,22966.50717703349,0,1,0,0,0,0,1,0,1,0,0,0,0,0,0,1,0,0,0
2018,44000,39990.0,0,1,0,1,0,0,0,0,1,0,0,0,0,0,0,0,1,0,0
2006,327000,17900.0,0,1,0,1,0,0,0,0,1,0,0,0,0,0,0,0,0,1,0
2023,1111,71000.0,0,0,1,0,0,0,0,0,1,0,0,0,0,0,1,0,0,0,0
2023,9000,30622.00956937799,1,0,0,0,0,0,1,0,1,0,0,0,1,0,0,0,0,0,0
2023,17400,32900.0,1,0,0,0,0,0,0,0,1,0,0,1,0,0,0,0,0,0,0
2023,7000,50000.0,0,1,0,1,0,0,0,0,0,1,0,0,0,0,0,0,1,0,0
2013,137000,16746.41148325359,0,0,1,0,0,0,1,0,1,0,0,0,1,0,0,0,0,0,0
2023,0,57320.57416267943,0,1,0,1,0,0,0,0,1,0,0,0,0,0,0,0,1,0,0
2019,62528,38500.0,0,1,0,1,0,0,0,0,0,1,0,0,0,0,0,0,1,0,0
2006,245000,15600.0,0,1,0,1,0,0,0,0,0,1,0,0,0,0,0,0,0,1,0
2021,79000,45000.0,0,1,0,1,0,0,0,0,1,0,0,0,0,0,0,0,1,0,0
2016,185000,34000.0,0,1,0,1,0,0,0,0,1,0,0,0,0,0,0,0,1,0,0
2013,184000,24870.71770334928,0,1,0,1,0,0,0,0,0,1,0,0,0,0,0,0,0,1,0
2022,51000,33000.0,1,0,0,0,0,0,0,0,1,0,0,1,0,0,0,0,0,0,0
2013,192000,23923.44497607656,0,1,0,1,0,0,0,0,0,1,0,0,0,0,0,0,0,1,0
2011,213184,19617.22488038277,0,1,0,1,0,0,0,0,1,0,0,0,0,0,0,0,0,1,0
2023,5500,32057.416267942583,1,0,0,0,0,0,1,0,1,0,0,0,1,0,0,0,0,0,0
2008,197000,19300.0,0,1,0,1,0,0,0,0,0,1,0,0,0,0,0,0,0,1,0
2021,94000,37000.0,0,1,0,1,0,0,0,0,0,1,0,0,0,0,0,0,1,0,0
2021,75000,45000.0,0,1,0,1,0,0,0,0,1,0,0,0,0,0,0,0,1,0,0
2013,132000,18660.28708133972,0,0,1,0,0,0,1,0,1,0,0,0,1,0,0,0,0,0,0
2022,37000,59500.0,0,1,0,1,0,0,0,0,1,0,0,0,0,0,0,0,1,0,0
2023,0,33491.86602870814,1,0,0,0,0,0,1,0,1,0,0,0,1,0,0,0,0,0,0
2024,0,35500.0,1,0,0,0,0,0,1,0,1,0,0,0,1,0,0,0,0,0,0
1999,450000,15000.0,0,1,0,1,0,0,0,0,0,1,0,0,0,0,0,0,0,1,0
2018,39307,34500.0,0,0,1,0,0,0,1,0,1,0,0,0,0,0,1,0,0,0,0
2020,40900,43500.0,0,0,1,0,0,1,0,0,1,0,0,0,0,0,1,0,0,0,0
2018,93000,40000.0,0,1,0,1,0,0,0,0,0,1,0,0,0,0,0,0,1,0,0
2016,132000,33000.0,0,1,0,1,0,0,0,0,1,0,0,0,0,0,0,0,1,0,0
2023,11000,36900.0,1,0,0,0,0,0,0,0,1,0,0,1,0,0,0,0,0,0,0
2018,96000,39000.0,0,1,0,1,0,0,0,0,1,0,0,0,0,0,0,0,1,0,0
2013,175000,25900.0,0,1,0,0,0,0,1,0,1,0,0,0,0,0,0,1,0,0,0
2020,52500,43500.0,0,1,0,1,0,0,0,0,1,0,0,0,0,0,0,0,1,0,0
1998,260000,12000.0,0,1,0,1,0,0,0,0,0,1,0,0,0,0,0,0,0,1,0
2008,165000,22000.0,0,1,0,0,0,0,1,0,0,1,0,0,0,0,0,0,0,1,0
2022,15000,60000.0,0,1,0,1,0,0,0,0,1,0,0,0,0,0,0,0,1,0,0
2022,74000,33492.822009569376,1,0,0,0,0,0,0,0,1,0,0,1,0,0,0,0,0,0,0
2017,90000,29000.0,0,0,1,0,0,0,1,0,1,0,0,0,1,0,0,0,0,0,0
2022,27200,53000.0,0,1,0,1,0,0,0,0,1,0,0,0,0,0,0,0,1,0,0
2019,88250,44019.13875598087,0,0,1,0,0,0,1,0,1,0,0,0,0,0,1,0,0,0,0
2019,87574,40000.0,0,0,1,0,0,1,0,0,1,0,0,0,0,0,1,0,0,0,0
2024,0,38500.0,1,0,0,0,0,0,0,0,1,0,0,1,0,0,0,0,0,0,0
2023,15500,39999.0,1,0,0,0,0,0,0,0,1,0,0,1,0,0,0,0,0,0,0
2016,103000,35000.0,0,1,0,1,0,0,0,0,1,0,0,0,0,0,0,0,1,0,0
2017,165000,34000.0,0,1,0,1,0,0,0,0,1,0,0,0,0,0,0,0,1,0,0
2023,0,40382.775119617225,1,0,0,0,0,0,0,0,1,0,0,1,0,0,0,0,0,0,0
2011,245000,24200.0,0,1,0,1,0,0,0,0,1,0,0,0,0,0,0,0,0,1,0
2009,163000,20000.0,0,1,0,1,0,0,0,0,0,1,0,0,0,0,0,0,0,1,0
2023,0,34066.98564593301,1,0,0,0,0,0,0,0,1,0,0,1,0,0,0,0,0,0,0
2023,7500,33014.354066985645,1,0,0,0,0,0,1,0,1,0,0,0,1,0,0,0,0,0,0
2018,61150,44976.07655502392,0,1,0,1,0,0,0,0,1,0,0,0,0,0,0,0,1,0,0
2021,38500,50000.0,0,1,0,1,0,0,0,0,1,0,0,0,0,0,0,0,1,0,0
2024,0,39500.0,1,0,0,0,0,0,0,0,1,0,0,0,0,0,0,0,0,0,0
2022,74000,33014.35311004785,1,0,0,0,0,0,1,0,1,0,0,0,1,0,0,0,0,0,0
2023,4100,53000.0,0,1,0,1,0,0,0,0,1,0,0,0,0,0,0,0,1,0,0
2021,56000,45500.0,0,1,0,1,0,0,0,0,1,0,0,0,0,0,0,0,1,0,0
2017,123000,39500.0,0,1,0,1,0,0,0,0,1,0,0,0,0,0,0,0,1,0,0
2001,152000,31897.926315789475,0,1,0,1,0,0,0,0,0,1,0,0,0,0,0,0,0,1,0
2023,0,29609.569377990432,1,0,0,0,0,0,1,0,1,0,0,0,1,0,0,0,0,0,0
2022,31500,26794.258373205743,1,0,0,0,0,0,1,0,1,0,0,0,1,0,0,0,0,0,0
2017,65000,37000.0,0,1,0,1,0,0,0,0,1,0,0,0,0,0,0,0,1,0,0
2022,27257,34000.0,1,0,0,0,0,0,1,0,1,0,0,0,1,0,0,0,0,0,0
2017,120000,26000.0,0,0,1,0,0,0,1,0,1,0,0,0,1,0,0,0,0,0,0
2008,186000,18947.36842105263,0,1,0,1,0,0,0,0,1,0,0,0,0,0,0,0,0,1,0
2022,5000,65000.0,0,1,0,1,0,0,0,0,1,0,0,0,0,0,0,0,1,0,0
2019,162000,39000.0,0,1,0,1,0,0,0,0,1,0,0,0,0,0,0,0,1,0,0
2018,110000,36363.63636363636,0,1,0,1,0,0,0,0,1,0,0,0,0,0,0,0,1,0,0
2024,0,54736.84210526316,0,1,0,1,0,0,0,0,1,0,0,0,0,0,0,0,1,0,0
2022,65000,29186.6028708134,1,0,0,0,0,0,0,0,1,0,0,1,0,0,0,0,0,0,0
2020,90000,41000.0,0,1,0,1,0,0,0,0,1,0,0,0,0,0,0,0,1,0,0
2012,249400,22500.0,0,1,0,1,0,0,0,0,1,0,0,0,0,0,0,0,0,1,0
2022,25000,30500.0,1,0,0,0,0,0,1,0,1,0,0,0,1,0,0,0,0,0,0
2015,150000,27000.0,0,1,0,0,1,0,0,0,0,1,0,0,0,0,0,0,0,1,0
2011,275000,11387.55980861244,0,0,1,0,0,0,1,0,1,0,0,0,0,1,0,0,0,0,0
2021,72000,47846.88995215311,0,1,0,1,0,0,0,0,1,0,0,0,0,0,0,0,1,0,0
2021,44200,32000.0,1,0,0,0,0,0,1,0,1,0,0,0,1,0,0,0,0,0,0
2024,0,38500.0,1,0,0,0,0,0,0,0,1,0,0,1,0,0,0,0,0,0,0
2019,35900,41626.79425837321,0,0,1,0,0,0,0,0,1,0,0,0,0,0,1,0,0,0,0
2021,41000,32500.0,1,0,0,0,0,0,0,0,1,0,0,1,0,0,0,0,0,0,0
2024,1001,39900.0,1,0,0,0,0,0,0,0,1,0,0,1,0,0,0,0,0,0,0
2013,185000,23500.0,0,1,0,0,1,0,0,0,0,1,0,0,0,0,0,0,0,1,0
2019,94000,38000.0,0,1,0,1,0,0,0,0,1,0,0,0,0,0,0,0,1,0,0
2022,24500,28229.66507177033,1,0,0,0,0,0,1,0,1,0,0,0,1,0,0,0,0,0,0
2023,20000,33000.0,1,0,0,0,0,0,1,0,1,0,0,0,1,0,0,0,0,0,0
2023,9700,36842.10526315789,1,0,0,0,0,0,1,0,1,0,0,0,1,0,0,0,0,0,0
2023,0,55406.6985645933,0,1,0,1,0,0,0,0,1,0,0,0,0,0,0,0,1,0,0
2022,27200,51500.0,0,1,0,1,0,0,0,0,1,0,0,0,0,0,0,0,1,0,0
2023,0,54900.0,0,1,0,1,0,0,0,0,1,0,0,0,0,0,0,0,1,0,0
2024,1000,64593.3014354067,0,1,0,1,0,0,0,0,1,0,0,0,0,0,0,0,1,0,0
2023,0,53687.36842105263,0,1,0,1,0,0,0,0,1,0,0,0,0,0,0,0,1,0,0
2018,145000,33200.0,0,1,0,1,0,0,0,0,1,0,0,0,0,0,0,0,1,0,0
2023,0,58181.81818181818,0,1,0,1,0,0,0,0,1,0,0,0,0,0,0,0,1,0,0
2021,15900,47751.196172248805,0,1,0,1,0,0,0,0,1,0,0,0,0,0,0,0,1,0,0
2024,0,32344.497607655503,1,0,0,0,0,0,1,0,1,0,0,0,1,0,0,0,0,0,0
2011,220000,23000.0,0,1,0,1,0,0,0,0,1,0,0,0,0,0,0,0,0,1,0
2023,2000,33999.0,1,0,0,0,0,0,0,0,1,0,0,1,0,0,0,0,0,0,0
2023,0,35215.311004784686,1,0,0,0,0,0,1,0,1,0,0,0,1,0,0,0,0,0,0
2017,195000,31800.0,0,1,0,1,0,0,0,0,1,0,0,0,0,0,0,0,1,0,0
2020,35000,44000.0,0,1,0,1,0,0,0,0,1,0,0,0,0,0,0,0,1,0,0
2022,29200,32535.88516746412,1,0,0,0,0,0,1,0,1,0,0,0,0,0,0,0,0,0,0
2023,11111,40500.0,1,0,0,0,0,0,0,0,1,0,0,1,0,0,0,0,0,0,0
2020,16900,44900.0,0,1,0,1,0,0,0,0,1,0,0,0,0,0,0,0,1,0,0
2010,147000,27500.0,0,1,0,1,0,0,0,0,0,1,0,0,0,0,0,0,0,1,0
2023,0,37500.0,1,0,0,0,0,0,1,0,1,0,0,0,1,0,0,0,0,0,0
2016,120000,31900.0,0,1,0,1,0,0,0,0,0,1,0,0,0,0,0,0,1,0,0
2023,8200,36750.0,1,0,0,0,0,0,1,0,1,0,0,0,1,0,0,0,0,0,0
2010,370000,18500.0,0,1,0,1,0,0,0,0,0,1,0,0,0,0,0,0,0,1,0
2010,252000,17990.430622009568,0,1,0,1,0,0,0,0,1,0,0,0,0,0,0,0,0,1,0
2020,37000,40000.0,0,0,1,0,0,1,0,0,1,0,0,0,0,1,0,0,0,0,0
2018,80000,38277.511961722485,0,1,0,1,0,0,0,0,1,0,0,0,0,0,0,0,1,0,0
2006,220000,19500.0,0,1,0,1,0,0,0,0,1,0,0,0,0,0,0,0,0,1,0
2022,23000,53110.04784688995,0,1,0,1,0,0,0,0,1,0,0,0,0,0,0,0,0,0,0
2001,332000,11483.253588516747,0,1,0,1,0,0,0,0,0,1,0,0,0,0,0,0,0,1,0
2021,50000,28500.0,1,0,0,0,0,0,1,0,1,0,0,0,1,0,0,0,0,0,0
2013,160000,25900.0,0,1,0,1,0,0,0,0,1,0,0,0,0,0,0,0,0,1,0
2023,3500,38181.81818181818,1,0,0,0,0,0,1,0,1,0,0,0,1,0,0,0,0,0,0
2023,10000,34000.0,1,0,0,0,0,0,1,0,1,0,0,0,1,0,0,0,0,0,0
2019,71000,33000.0,0,1,0,1,0,0,0,0,1,0,0,0,0,0,0,0,1,0,0
2024,0,31849.76076555024,1,0,0,0,0,0,1,0,1,0,0,0,1,0,0,0,0,0,0
2012,134500,14832.535885167465,0,0,1,0,0,0,1,0,1,0,0,0,0,1,0,0,0,0,0
2023,18000,56000.0,0,1,0,1,0,0,0,0,1,0,0,0,0,0,0,0,1,0,0
2024,500,57320.57416267943,0,1,0,1,0,0,0,0,1,0,0,0,0,0,0,0,1,0,0
2015,300000,26000.0,0,1,0,1,0,0,0,0,0,1,0,0,0,0,0,0,0,1,0
2011,236000,25000.0,0,1,0,1,0,0,0,0,1,0,0,0,0,0,0,0,0,1,0
2024,0,37500.0,1,0,0,0,0,0,0,0,1,0,0,1,0,0,0,0,0,0,0
2024,0,65000.0,0,1,0,1,0,0,0,0,1,0,0,0,0,0,0,0,0,0,0
2007,250000,17000.0,0,1,0,1,0,0,0,0,0,1,0,0,0,0,0,0,0,1,0
2019,70000,40000.0,0,0,1,0,0,0,1,0,1,0,0,0,0,0,1,0,0,0,0
2022,19800,34700.0,1,0,0,0,0,0,0,0,1,0,0,1,0,0,0,0,0,0,0
2017,145000,34500.0,0,1,0,1,0,0,0,0,1,0,0,0,0,0,0,0,1,0,0
2011,185000,24000.0,0,1,0,1,0,0,0,0,1,0,0,0,0,0,0,0,0,1,0
2018,89000,38500.0,0,1,0,1,0,0,0,0,1,0,0,0,0,0,0,0,1,0,0
2021,69000,26315.78947368421,1,0,0,0,0,0,1,0,1,0,0,0,1,0,0,0,0,0,0
2011,170000,22000.0,0,1,0,1,0,0,0,0,1,0,0,0,0,0,0,0,0,1,0
2023,2800,36500.0,1,0,0,0,0,0,1,0,1,0,0,0,1,0,0,0,0,0,0
2024,0,34000.0,1,0,0,0,0,0,0,0,1,0,0,1,0,0,0,0,0,0,0
2019,115000,36363.63636363636,0,1,0,1,0,0,0,0,1,0,0,0,0,0,0,0,1,0,0
2021,39400,26602.87081339713,1,0,0,0,0,0,1,0,1,0,0,0,1,0,0,0,0,0,0
2021,12000,49900.0,0,1,0,1,0,0,0,0,1,0,0,0,0,0,0,0,1,0,0
2023,0,62200.95693779904,0,1,0,1,0,0,0,0,1,0,0,0,0,0,0,0,1,0,0
2023,34000,31000.0,1,0,0,0,0,0,1,0,1,0,0,0,1,0,0,0,0,0,0
2023,9000,33999.0,1,0,0,0,0,0,0,0,1,0,0,1,0,0,0,0,0,0,0
2023,500,54000.0,0,1,0,1,0,0,0,0,1,0,0,0,0,0,0,0,1,0,0
2017,140000,34500.0,0,1,0,1,0,0,0,0,1,0,0,0,0,0,0,0,1,0,0
2023,0,36555.02392344498,1,0,0,0,0,0,0,0,1,0,0,1,0,0,0,0,0,0,0
2024,0,29747.36842105263,1,0,0,0,0,0,1,0,1,0,0,0,1,0,0,0,0,0,0
2023,0,31100.47846889952,1,0,0,0,0,0,1,0,1,0,0,0,1,0,0,0,0,0,0
2016,105000,34900.0,0,1,0,1,0,0,0,0,1,0,0,0,0,0,0,0,1,0,0
2023,60000,53000.0,0,1,0,1,0,0,0,0,1,0,0,0,0,0,0,0,1,0,0
2020,50000,42000.0,0,1,0,1,0,0,0,0,1,0,0,0,0,0,0,0,1,0,0
2010,210000,12440.19138755981,0,0,1,0,0,0,0,1,1,0,0,0,0,1,0,0,0,0,0
2013,126000,29000.0,0,1,0,1,0,0,0,0,1,0,0,0,0,0,0,0,0,1,0
2023,6000,60500.0,0,1,0,1,0,0,0,0,1,0,0,0,0,0,0,0,1,0,0
2021,24000,45000.0,0,1,0,1,0,0,0,0,0,1,0,0,0,0,0,0,1,0,0
2012,90000,14500.0,0,0,1,0,0,0,1,0,1,0,0,0,0,1,0,0,0,0,0
2022,30000,36700.0,1,0,0,0,0,0,0,0,1,0,0,1,0,0,0,0,0,0,0
2016,121000,34000.0,0,1,0,1,0,0,0,0,1,0,0,0,0,0,0,0,1,0,0
2023,7200,51000.0,0,1,0,1,0,0,0,0,1,0,0,0,0,0,0,0,1,0,0
2011,126000,12900.0,0,0,1,0,0,0,1,0,1,0,0,0,0,1,0,0,0,0,0
2011,200000,22488.03827751196,0,1,0,1,0,0,0,0,1,0,0,0,0,0,0,0,0,1,0
2022,8300,35000.0,1,0,0,0,0,0,0,0,1,0,0,1,0,0,0,0,0,0,0
2024,500,35500.0,1,0,0,0,0,0,0,0,1,0,0,1,0,0,0,0,0,0,0
2023,0,53687.36842105263,0,1,0,1,0,0,0,0,1,0,0,0,0,0,0,0,1,0,0
2023,0,31338.75598086124,1,0,0,0,0,0,0,0,1,0,0,1,0,0,0,0,0,0,0
2016,150000,36000.0,0,1,0,1,0,0,0,0,1,0,0,0,0,0,0,0,1,0,0
2013,154480,25837.32057416268,0,1,0,1,0,0,0,0,1,0,0,0,0,0,0,0,0,1,0
2018,121000,31500.0,0,0,1,0,0,0,1,0,1,0,0,0,0,0,1,0,0,0,0
2018,90000,33397.12918660287,0,1,0,1,0,0,0,0,0,1,0,0,0,0,0,0,1,0,0
2021,30000,30622.00956937799,1,0,0,0,0,0,0,0,1,0,0,1,0,0,0,0,0,0,0
2022,40000,50000.0,0,1,0,1,0,0,0,0,1,0,0,0,0,0,0,0,1,0,0
2024,0,36650.71770334928,1,0,0,0,0,0,1,0,1,0,0,0,1,0,0,0,0,0,0
2024,0,40900.0,1,0,0,0,0,0,0,0,1,0,0,1,0,0,0,0,0,0,0
2009,350000,9090.90909090909,0,0,1,0,0,0,1,0,1,0,0,0,0,1,0,0,0,0,0
2013,307000,25000.0,0,1,0,1,0,0,0,0,0,1,0,0,0,0,0,0,0,1,0
2013,142000,19900.0,0,0,1,0,0,0,1,0,1,0,0,0,0,1,0,0,0,0,0
2012,215000,27500.0,0,1,0,1,0,0,0,0,0,1,0,0,0,0,0,0,0,1,0
2022,53000,33397.12918660287,1,0,0,0,0,0,1,0,1,0,0,0,1,0,0,0,0,0,0
2016,187000,33500.0,0,1,0,1,0,0,0,0,1,0,0,0,0,0,0,0,1,0,0
2018,149000,29500.0,0,0,1,0,0,0,1,0,1,0,0,0,1,0,0,0,0,0,0
2021,35000,32000.0,1,0,0,0,0,0,0,0,1,0,0,1,0,0,0,0,0,0,0
2016,78732,35406.6985645933,0,1,0,1,0,0,0,0,1,0,0,0,0,0,0,0,1,0,0
2018,32700,43000.0,0,1,0,1,0,0,0,0,1,0,0,0,0,0,0,0,1,0,0
2006,366000,17000.0,0,1,0,1,0,0,0,0,1,0,0,0,0,0,0,0,0,1,0
2009,174400,22500.0,0,1,0,1,0,0,0,0,0,0,0,0,0,0,0,0,0,1,0
2006,233000,18000.0,0,1,0,1,0,0,0,0,1,0,0,0,0,0,0,0,0,1,0
2018,32349,31500.0,0,0,1,0,0,0,1,0,1,0,0,0,1,0,0,0,0,0,0
2022,29000,28990.0,1,0,0,0,0,0,1,0,1,0,0,0,1,0,0,0,0,0,0
2001,300000,11900.0,0,1,0,1,0,0,0,0,0,1,0,0,0,0,0,0,0,1,0
2012,240000,22000.0,0,1,0,1,0,0,0,0,1,0,0,0,0,0,0,0,0,1,0
2022,30000,34000.0,1,0,0,0,0,0,0,0,1,0,0,0,0,0,0,0,0,0,0
2002,450000,17500.0,0,1,0,1,0,0,0,0,0,1,0,0,0,0,0,0,0,1,0
2024,0,65000.0,0,1,0,1,0,0,0,0,0,0,0,0,0,0,0,0,0,0,0
2023,6600,30909.090909090908,1,0,0,0,0,0,1,0,1,0,0,0,0,0,0,0,0,0,0
2023,40000,55502.39234449761,0,1,0,1,0,0,0,0,1,0,0,0,0,0,0,0,1,0,0
2018,95000,32000.0,0,0,1,0,0,0,1,0,1,0,0,0,0,0,1,0,0,0,0
2021,28000,54000.0,0,0,1,0,0,1,0,0,1,0,0,0,0,0,0,0,0,0,0
2007,170000,19043.06220095693,0,1,0,1,0,0,0,0,1,0,0,0,0,0,0,0,0,1,0
2024,0,34900.0,1,0,0,0,0,0,0,0,1,0,0,1,0,0,0,0,0,0,0
2006,235000,15000.0,0,1,0,1,0,0,0,0,1,0,0,0,0,0,0,0,0,1,0
2023,10800,53999.0,0,1,0,1,0,0,0,0,1,0,0,0,0,0,0,0,1,0,0
2009,435000,18500.0,0,1,0,1,0,0,0,0,1,0,0,0,0,0,0,0,0,1,0
2021,96833,41052.63157894737,0,1,0,1,0,0,0,0,1,0,0,0,0,0,0,0,1,0,0
2021,79800,36842.10526315789,0,1,0,1,0,0,0,0,0,1,0,0,0,0,0,0,1,0,0
2023,8000,52000.0,0,1,0,1,0,0,0,0,1,0,0,0,0,0,0,0,1,0,0
2023,1111,60000.0,0,1,0,1,0,0,0,0,1,0,0,0,0,0,0,0,1,0,0
2020,67000,38000.0,0,1,0,1,0,0,0,0,0,1,0,0,0,0,0,0,1,0,0
2024,1000,59617.224880382775,0,1,0,1,0,0,0,0,1,0,0,0,0,0,0,0,1,0,0
2024,0,27070.105263157893,1,0,0,0,0,0,1,0,1,0,0,0,1,0,0,0,0,0,0
2013,136000,14500.0,0,0,1,0,0,0,1,0,1,0,0,0,0,1,0,0,0,0,0
2013,190000,15500.0,0,0,1,0,0,0,1,0,1,0,0,0,0,1,0,0,0,0,0
2008,200000,19000.0,0,1,0,1,0,0,0,0,0,1,0,0,0,0,0,0,0,1,0
2023,0,40000.0,1,0,0,0,0,0,1,0,1,0,0,0,1,0,0,0,0,0,0
2018,103000,37000.0,0,1,0,1,0,0,0,0,1,0,0,0,0,0,0,0,1,0,0
2022,60000,32500.0,1,0,0,0,0,0,0,0,1,0,0,1,0,0,0,0,0,0,0
2021,35000,26794.258373205743,1,0,0,0,0,0,1,0,1,0,0,0,1,0,0,0,0,0,0
2022,12000,33900.0,1,0,0,0,0,0,0,0,1,0,0,1,0,0,0,0,0,0,0
2013,188000,24000.0,0,1,0,1,0,0,0,0,1,0,0,0,0,0,0,0,0,1,0
2016,222000,31000.0,0,1,0,1,0,0,0,0,0,1,0,0,0,0,0,0,1,0,0
2022,47833,44880.382775119615,0,1,0,1,0,0,0,0,1,0,0,0,0,0,0,0,1,0,0
2024,0,28638.66028708134,1,0,0,0,0,0,1,0,1,0,0,0,1,0,0,0,0,0,0
2023,17000,50430.62200956938,0,1,0,1,0,0,0,0,1,0,0,0,0,0,0,0,1,0,0
2020,11371,46832.53588516746,0,1,0,1,0,0,0,0,1,0,1,0,0,0,0,0,0,0,0
2011,285000,29500.0,0,1,0,1,0,0,0,0,1,0,0,0,0,0,0,0,0,1,0
2021,15500,50000.0,0,1,0,1,0,0,0,0,1,0,0,0,0,0,0,0,1,0,0
2017,95000,31578.947368421053,0,1,0,1,0,0,0,0,1,0,0,0,0,0,0,0,1,0,0
2023,9000,51500.0,0,1,0,1,0,0,0,0,1,0,0,0,0,0,0,0,1,0,0
2023,40000,52631.57894736842,0,1,0,1,0,0,0,0,1,0,0,0,0,0,0,0,1,0,0
2011,245000,24500.0,0,1,0,1,0,0,0,0,1,0,0,0,0,0,0,0,0,1,0
2021,33000,23923.44497607656,1,0,0,0,0,0,1,0,1,0,0,0,1,0,0,0,0,0,0
2022,18500,32000.0,1,0,0,0,0,0,0,0,1,0,0,1,0,0,0,0,0,0,0
2017,169000,28229.66507177033,0,1,0,1,0,0,0,0,1,0,0,0,0,0,0,0,1,0,0
2023,11950,32248.803827751195,1,0,0,0,0,0,1,0,1,0,0,0,1,0,0,0,0,0,0
2007,209000,16990.0,0,1,0,1,0,0,0,0,0,1,0,0,0,0,0,0,0,1,0
2020,92000,41900.0,0,1,0,1,0,0,0,0,0,1,0,0,0,0,0,0,1,0,0
2021,40000,30000.0,1,0,0,0,0,0,1,0,1,0,0,0,1,0,0,0,0,0,0
2021,41085,44976.07655502392,0,1,0,1,0,0,0,0,0,1,0,0,0,0,0,0,1,0,0
2021,20000,48000.0,0,1,0,1,0,0,0,0,1,0,0,0,0,0,0,0,1,0,0
2020,57000,44500.0,0,0,1,0,0,0,0,0,0,0,0,0,0,0,0,0,0,0,0
2024,0,32535.88516746412,1,0,0,0,0,0,1,0,1,0,0,0,1,0,0,0,0,0,0
2023,1111,34449.76076555024,1,0,0,0,0,0,0,0,1,0,0,1,0,0,0,0,0,0,0
2022,23000,56000.0,0,1,0,1,0,0,0,0,1,0,0,0,0,0,0,0,1,0,0
2019,37000,46500.0,0,1,0,1,0,0,0,0,1,0,0,0,0,0,0,0,1,0,0
2022,32000,49500.0,0,1,0,1,0,0,0,0,1,0,0,0,0,0,0,0,1,0,0
2022,34500,50500.0,0,1,0,1,0,0,0,0,1,0,0,0,0,0,0,0,1,0,0
2023,1000,54449.76076555024,0,1,0,1,0,0,0,0,1,0,0,0,0,0,0,0,1,0,0
2016,78000,35490.0,0,1,0,1,0,0,0,0,1,0,0,0,0,0,0,0,1,0,0
2019,49000,40000.0,0,0,1,0,0,0,1,0,1,0,0,0,0,0,1,0,0,0,0
2020,46500,41900.0,0,1,0,1,0,0,0,0,1,0,0,0,0,0,0,0,1,0,0
2023,11111,58000.0,0,1,0,1,0,0,0,0,1,0,0,0,0,0,0,0,1,0,0
2021,36000,28612.44019138756,1,0,0,0,0,0,1,0,1,0,0,0,1,0,0,0,0,0,0
2023,30000,53588.516746411486,0,1,0,1,0,0,0,0,1,0,0,0,0,0,0,0,1,0,0
2023,1500,55000.0,0,1,0,1,0,0,0,0,1,0,0,0,0,0,0,0,1,0,0
2019,120000,36500.0,0,1,0,1,0,0,0,0,1,0,0,0,0,0,0,0,1,0,0
2017,147000,34000.0,0,1,0,1,0,0,0,0,1,0,0,0,0,0,0,0,1,0,0
2021,87500,27900.0,1,0,0,0,0,0,1,0,1,0,0,0,1,0,0,0,0,0,0
2024,0,33971.29186602871,1,0,0,0,0,0,1,0,1,0,0,0,1,0,0,0,0,0,0
2007,190000,19000.0,0,1,0,1,0,0,0,0,1,0,0,0,0,0,0,0,0,1,0
2021,48500,42000.0,0,1,0,1,0,0,0,0,1,0,0,0,0,0,0,0,1,0,0
2023,15000,32057.416267942583,1,0,0,0,0,0,1,0,1,0,0,0,1,0,0,0,0,0,0
2008,211000,18000.0,0,1,0,1,0,0,0,0,1,0,0,0,0,0,0,0,0,1,0
2010,320000,18000.0,0,1,0,1,0,0,0,0,1,0,0,0,0,0,0,0,0,1,0
2022,45000,54000.0,0,0,1,0,0,0,0,0,1,0,0,0,0,0,1,0,0,0,0
2016,125000,35000.0,0,1,0,1,0,0,0,0,1,0,0,0,0,0,0,0,1,0,0
2023,12000,35500.0,1,0,0,0,0,0,1,0,1,0,0,0,1,0,0,0,0,0,0
2013,143000,24391.38755980861,0,1,0,0,0,0,1,0,1,0,0,0,0,0,0,1,0,0,0
2021,13000,45900.0,0,1,0,1,0,0,0,0,1,0,0,0,0,0,0,0,1,0,0
2023,1000,68000.0,0,1,0,1,0,0,0,0,1,0,0,0,0,0,0,0,1,0,0
2018,77802,44975.11961722488,0,1,0,1,0,0,0,0,1,0,0,0,0,0,0,0,1,0,0
2017,166000,34449.76076555024,0,1,0,1,0,0,0,0,1,0,0,0,0,0,0,0,1,0,0
2013,196000,20500.0,0,1,0,1,0,0,0,0,0,1,0,0,0,0,0,0,0,1,0
2019,88000,40000.0,0,1,0,1,0,0,0,0,1,0,0,0,0,0,0,0,1,0,0
2013,118000,16500.0,0,0,1,0,0,0,1,0,1,0,0,0,1,0,0,0,0,0,0
2023,18637,53588.516746411486,0,1,0,1,0,0,0,0,1,0,0,0,0,0,0,0,1,0,0
2019,35000,41500.0,0,0,1,0,0,0,1,0,1,0,0,0,0,0,1,0,0,0,0
2020,67746,41000.0,0,1,0,1,0,0,0,0,1,0,0,0,0,0,0,0,1,0,0
2019,62000,40191.387559808616,0,0,1,0,0,0,1,0,1,0,0,0,0,0,1,0,0,0,0
2022,33000,30000.0,1,0,0,0,0,0,0,0,1,0,0,1,0,0,0,0,0,0,0
2023,26000,32800.0,1,0,0,0,0,0,1,0,1,0,0,0,1,0,0,0,0,0,0
2021,51700,29186.6028708134,1,0,0,0,0,0,1,0,1,0,0,0,1,0,0,0,0,0,0
2023,17500,30622.00956937799,1,0,0,0,0,0,0,0,1,0,0,1,0,0,0,0,0,0,0
2022,6300,2264.018181818182,0,1,0,1,0,0,0,0,1,0,0,0,0,0,0,0,1,0,0
2000,400000,14354.066985645934,0,1,0,1,0,0,0,0,0,1,0,0,0,0,0,0,0,1,0
2024,1000,40000.0,1,0,0,0,0,0,1,0,1,0,0,0,1,0,0,0,0,0,0
2019,43000,41900.0,0,1,0,1,0,0,0,0,1,0,0,0,0,0,0,0,1,0,0
2013,156000,29900.0,0,1,0,1,0,0,0,0,1,0,0,0,0,0,0,0,0,1,0
2022,35300,50500.0,0,1,0,1,0,0,0,0,1,0,0,0,0,0,0,0,1,0,0
2023,1000,63000.0,0,1,0,1,0,0,0,0,1,0,0,0,0,0,0,0,1,0,0
2019,80000,35406.6985645933,0,1,0,1,0,0,0,0,0,1,0,0,0,0,0,0,1,0,0
2012,185000,24990.0,0,1,0,1,0,0,0,0,0,1,0,0,0,0,0,0,0,1,0
2022,27000,29600.0,1,0,0,0,0,0,1,0,1,0,0,0,1,0,0,0,0,0,0
2019,72000,35000.0,0,0,1,0,0,0,1,0,1,0,0,0,1,0,0,0,0,0,0
2015,127000,22000.0,0,0,1,0,0,0,1,0,1,0,0,0,0,0,1,0,0,0,0
2023,0,34430.62200956938,1,0,0,0,0,0,1,0,1,0,0,0,1,0,0,0,0,0,0
2016,80000,34449.76076555024,0,1,0,1,0,0,0,0,1,0,0,0,0,0,0,0,1,0,0
2023,21000,33492.82296650718,1,0,0,0,0,0,1,0,1,0,0,0,1,0,0,0,0,0,0
2024,0,29747.36842105263,1,0,0,0,0,0,1,0,1,0,0,0,1,0,0,0,0,0,0
2024,1800,35000.0,1,0,0,0,0,0,0,0,1,0,0,1,0,0,0,0,0,0,0
2021,25000,34354.066985645935,1,0,0,0,0,0,0,0,1,0,0,1,0,0,0,0,0,0,0
2021,90000,43900.0,0,1,0,1,0,0,0,0,1,0,0,0,0,0,0,0,1,0,0
2020,68000,43000.0,0,0,1,0,0,0,1,0,1,0,0,0,0,0,1,0,0,0,0
2023,10700,38181.81818181818,1,0,0,0,0,1,0,0,1,0,0,0,0,0,0,0,0,0,0
2013,185000,17500.0,0,0,1,0,0,0,1,0,1,0,0,0,1,0,0,0,0,0,0
2011,214000,18400.0,0,1,0,1,0,0,0,0,1,0,0,0,0,0,0,0,0,1,0
2023,500,40000.0,1,0,0,0,0,0,1,0,1,0,0,0,1,0,0,0,0,0,0
2006,245000,17000.0,0,1,0,1,0,0,0,0,0,1,0,0,0,0,0,0,0,1,0
2023,10000,30000.0,1,0,0,0,0,0,1,0,1,0,0,0,1,0,0,0,0,0,0
2024,0,55406.6985645933,0,1,0,1,0,0,0,0,1,0,0,0,0,0,0,0,0,0,0
2022,16000,50000.0,0,1,0,1,0,0,0,0,1,0,0,0,0,0,0,0,1,0,0
2023,5000,78468.8995215311,0,1,0,1,0,0,0,0,1,0,0,0,0,0,0,0,1,0,0
2007,324000,17500.0,0,1,0,1,0,0,0,0,1,0,0,0,0,0,0,0,0,1,0
2022,20000,33492.82296650718,1,0,0,0,0,0,1,0,1,0,0,0,1,0,0,0,0,0,0
2014,119700,19500.0,0,0,1,0,0,0,1,0,1,0,0,0,1,0,0,0,0,0,0
2023,2023,57000.0,0,1,0,1,0,0,0,0,1,0,0,0,0,0,0,0,1,0,0
2007,237000,17990.0,0,1,0,1,0,0,0,0,1,0,0,0,0,0,0,0,0,1,0
2013,122487,18800.0,0,0,1,0,0,0,1,0,1,0,0,0,0,0,1,0,0,0,0
2013,175000,27272.727272727272,0,1,0,1,0,0,0,0,0,1,0,0,0,0,0,0,0,1,0
2011,210000,22000.0,0,1,0,1,0,0,0,0,1,0,0,0,0,0,0,0,0,1,0
2022,6700,56000.0,0,1,0,1,0,0,0,0,1,0,0,0,0,0,0,0,1,0,0
2022,74003,33014.35311004785,1,0,0,0,0,0,1,0,1,0,0,0,1,0,0,0,0,0,0
2011,269000,23923.44497607656,0,1,0,1,0,0,0,0,0,1,0,0,0,0,0,0,0,1,0
2023,3100,32440.191387559807,1,0,0,0,0,0,0,0,1,0,0,1,0,0,0,0,0,0,0
2022,35000,55900.0,0,1,0,1,0,0,0,0,1,0,0,0,0,0,0,0,0,0,0
2019,57000,42000.0,0,1,0,1,0,0,0,0,1,0,0,0,0,0,0,0,1,0,0
2018,51036,31000.0,0,0,1,0,0,0,1,0,1,0,0,0,1,0,0,0,0,0,0
2022,13047,63500.0,0,1,0,0,1,0,0,0,1,0,0,0,0,0,0,0,1,0,0
2019,87000,37500.0,0,1,0,1,0,0,0,0,1,0,0,0,0,0,0,0,1,0,0
2019,206000,33900.0,0,1,0,1,0,0,0,0,1,0,0,0,0,0,0,0,1,0,0
2011,171000,14500.0,0,0,1,0,0,0,1,0,1,0,0,0,0,1,0,0,0,0,0
2022,26000,31000.0,1,0,0,0,0,0,0,0,1,0,0,1,0,0,0,0,0,0,0
2022,4500,33000.0,1,0,0,0,0,0,1,0,1,0,0,0,1,0,0,0,0,0,0
2011,130000,15900.0,0,0,1,0,0,0,1,0,1,0,0,0,0,1,0,0,0,0,0
2023,1000,39500.0,1,0,0,0,0,0,0,0,1,0,0,1,0,0,0,0,0,0,0
2022,15000,68000.0,0,1,0,1,0,0,0,0,1,0,0,0,0,0,0,0,1,0,0
2022,7200,34000.0,1,0,0,0,0,0,1,0,1,0,0,0,1,0,0,0,0,0,0
2023,17000,32000.0,1,0,0,0,0,0,1,0,1,0,0,0,1,0,0,0,0,0,0
2022,40000,30999.0,1,0,0,0,0,0,1,0,1,0,0,0,1,0,0,0,0,0,0
2022,50000,26794.258373205743,1,0,0,0,0,0,1,0,1,0,0,0,1,0,0,0,0,0,0
2023,20000,28300.0,1,0,0,0,0,0,1,0,1,0,0,0,1,0,0,0,0,0,0
2023,1000,34641.14832535885,1,0,0,0,0,0,0,0,1,0,0,1,0,0,0,0,0,0,0
2023,8000,52900.0,0,1,0,1,0,0,0,0,1,0,0,0,0,0,0,0,1,0,0
2008,196000,18500.0,0,1,0,0,1,0,0,0,0,1,0,0,0,0,0,0,0,1,0
2021,41085,44976.07655502392,0,1,0,1,0,0,0,0,0,1,0,0,0,0,0,0,1,0,0
2024,0,55023.92344497608,0,1,0,1,0,0,0,0,1,0,0,0,0,0,0,0,1,0,0
2017,27000,33000.0,0,1,0,1,0,0,0,0,0,1,0,0,0,0,0,0,1,0,0
2021,29800,45454.545454545456,0,1,0,1,0,0,0,0,1,0,0,0,0,0,0,0,1,0,0
2023,40000,65000.0,0,1,0,1,0,0,0,0,1,0,0,0,0,0,0,0,1,0,0
2023,0,37320.57416267943,1,0,0,0,0,0,1,0,1,0,0,0,1,0,0,0,0,0,0
2023,8000,58000.0,0,1,0,1,0,0,0,0,1,0,0,0,0,0,0,0,1,0,0
2022,23900,28708.133971291867,1,0,0,0,0,0,1,0,1,0,0,0,1,0,0,0,0,0,0
2023,0,57224.88038277512,0,1,0,1,0,0,0,0,1,0,0,0,0,0,0,0,1,0,0
2024,0,34200.0,1,0,0,0,0,0,0,0,1,0,0,0,0,0,0,0,0,0,1
2023,500,32500.0,1,0,0,0,0,0,0,0,1,0,0,1,0,0,0,0,0,0,0
2023,0,56076.55502392344,0,1,0,1,0,0,0,0,1,0,0,0,0,0,0,0,1,0,0
2023,5000,58000.0,0,1,0,1,0,0,0,0,1,0,0,0,0,0,0,0,1,0,0
2022,4900,59900.0,0,1,0,1,0,0,0,0,1,0,0,0,0,0,0,0,1,0,0
2016,77000,35900.0,0,1,0,1,0,0,0,0,1,0,0,0,0,0,0,0,1,0,0
2022,30000,36000.0,1,0,0,0,0,0,0,0,1,0,0,1,0,0,0,0,0,0,0
2006,188000,17500.0,0,1,0,1,0,0,0,0,1,0,0,0,0,0,0,0,0,1,0
2016,160000,31578.947368421053,0,1,0,1,0,0,0,0,0,1,0,0,0,0,0,0,1,0,0
2011,126000,6459.33014354067,0,0,1,0,0,0,1,0,1,0,0,0,0,1,0,0,0,0,0
2019,55000,41500.0,0,1,0,1,0,0,0,0,1,0,0,0,0,0,0,0,1,0,0
2023,4800,91000.0,0,1,0,1,0,0,0,0,0,0,0,0,0,0,0,0,1,0,0
2016,150000,36000.0,0,1,0,1,0,0,0,0,1,0,0,0,0,0,0,0,1,0,0
2008,300000,20500.0,0,1,0,1,0,0,0,0,0,1,0,0,0,0,0,0,0,1,0
2023,20000,34500.0,1,0,0,0,0,0,1,0,1,0,0,0,1,0,0,0,0,0,0
2008,285000,18181.81818181818,0,1,0,1,0,0,0,0,1,0,0,0,0,0,0,0,0,1,0
1999,290000,17999.0,0,1,0,1,0,0,0,0,0,1,0,0,0,0,0,0,0,1,0
2024,0,36267.94258373206,1,0,0,0,0,0,1,0,1,0,0,0,1,0,0,0,0,0,0
2024,0,38500.0,1,0,0,0,0,0,0,0,1,0,0,1,0,0,0,0,0,0,0
2022,20000,33500.0,1,0,0,0,0,0,1,0,1,0,0,0,1,0,0,0,0,0,0
2013,223000,23500.0,0,1,0,1,0,0,0,0,1,0,0,0,0,0,0,0,0,1,0
2019,1900,50000.0,0,1,0,1,0,0,0,0,1,0,0,0,0,0,0,0,1,0,0
2023,1888,35000.0,0,1,0,1,0,0,0,0,1,0,0,0,0,0,0,0,1,0,0
2016,110000,23900.0,0,0,1,0,0,0,1,0,1,0,0,0,1,0,0,0,0,0,0
2022,14500,65000.0,0,1,0,1,0,0,0,0,1,0,0,0,0,0,0,0,1,0,0
2022,20100,56449.76076555024,0,1,0,1,0,0,0,0,1,0,0,0,0,0,0,0,1,0,0
2016,116000,34500.0,0,1,0,0,1,0,0,0,1,0,0,0,0,0,0,0,1,0,0
2008,235000,12000.0,0,0,1,0,0,0,1,0,1,0,0,0,0,1,0,0,0,0,0
2017,90000,35900.0,0,1,0,1,0,0,0,0,1,0,0,0,0,0,0,0,1,0,0
2008,130000,11952.057416267942,0,0,1,0,0,0,1,0,1,0,0,0,0,1,0,0,0,0,0
2023,0,31866.02870813397,1,0,0,0,0,0,1,0,1,0,0,0,1,0,0,0,0,0,0
1999,336400,11004.784688995216,0,1,0,1,0,0,0,0,0,1,0,0,0,0,0,0,0,1,0
2024,500,33500.0,1,0,0,0,0,0,1,0,1,0,0,0,1,0,0,0,0,0,0
2022,8000,67900.0,0,0,1,0,0,0,0,0,1,0,0,0,0,0,1,0,0,0,0
2023,0,30794.258373205743,1,0,0,0,0,0,1,0,1,0,0,0,1,0,0,0,0,0,0
2018,58000,38000.0,0,1,0,1,0,0,0,0,1,0,0,0,0,0,0,0,1,0,0
2008,270000,12800.0,0,0,1,0,0,0,1,0,1,0,0,0,0,1,0,0,0,0,0
2022,7300,32918.66028708134,1,0,0,0,0,0,1,0,1,0,0,0,1,0,0,0,0,0,0
2023,14000,51578.94736842105,0,1,0,1,0,0,0,0,1,0,0,0,0,0,0,0,1,0,0
2024,0,55406.6985645933,0,1,0,1,0,0,0,0,0,0,0,0,0,0,0,0,1,0,0
2023,500,36363.63636363636,0,1,0,1,0,0,0,0,1,0,0,0,0,0,0,0,1,0,0
2021,30000,29000.0,1,0,0,0,0,0,1,0,1,0,0,0,1,0,0,0,0,0,0
2022,22000,51674.64114832536,0,1,0,1,0,0,0,0,1,0,0,0,0,0,0,0,1,0,0
2023,500,37800.0,1,0,0,0,0,0,1,0,1,0,0,0,1,0,0,0,0,0,0
2017,128128,33971.29186602871,0,1,0,1,0,0,0,0,1,0,0,0,0,0,0,0,1,0,0
2019,20000,45000.0,0,1,0,1,0,0,0,0,1,0,0,0,0,0,0,0,1,0,0
2023,1111111,64000.0,0,1,0,1,0,0,0,0,1,0,0,0,0,0,0,0,1,0,0
2011,280000,23000.0,0,1,0,1,0,0,0,0,1,0,0,0,0,0,0,0,0,1,0
2009,192000,20574.16267942584,0,1,0,1,0,0,0,0,0,1,0,0,0,0,0,0,0,1,0
2024,0,38277.511961722485,1,0,0,0,0,0,1,0,1,0,0,0,1,0,0,0,0,0,0
2022,34000,29900.0,1,0,0,0,0,0,1,0,1,0,0,0,1,0,0,0,0,0,0
2007,213000,19500.0,0,1,0,1,0,0,0,0,0,1,0,0,0,0,0,0,0,1,0
2016,39000,44000.0,0,1,0,1,0,0,0,0,1,0,0,0,0,0,0,0,1,0,0
2022,52397,23827.75119617225,1,0,0,0,0,0,1,0,1,0,0,0,1,0,0,0,0,0,0
2023,14990,51674.64114832536,0,1,0,1,0,0,0,0,1,0,0,0,0,0,0,0,1,0,0
2024,0,54066.98564593301,0,1,0,1,0,0,0,0,1,0,0,0,0,0,0,0,1,0,0
2023,228,36500.0,1,0,0,0,0,0,0,0,1,0,0,1,0,0,0,0,0,0,0
2008,285000,21000.0,0,1,0,1,0,0,0,0,1,0,0,0,0,0,0,0,0,1,0
2023,0,64593.3014354067,0,1,0,1,0,0,0,0,1,0,0,0,0,0,0,0,1,0,0
2022,34000,28900.0,1,0,0,0,0,0,1,0,1,0,0,0,1,0,0,0,0,0,0
2019,69000,40095.69377990431,0,1,0,1,0,0,0,0,1,0,0,0,0,0,0,0,1,0,0
2023,1548,51674.64114832536,0,1,0,1,0,0,0,0,1,0,0,0,0,0,0,0,1,0,0
2013,198000,19900.0,0,1,0,0,0,0,1,0,1,0,0,0,0,0,0,1,0,0,0
2016,161000,35000.0,0,1,0,1,0,0,0,0,1,0,0,0,0,0,0,0,1,0,0
2013,191000,25000.0,0,1,0,1,0,0,0,0,1,0,0,0,0,0,0,0,0,1,0
2023,9000,55000.0,0,1,0,1,0,0,0,0,1,0,0,0,0,0,0,0,1,0,0
2023,5000,36300.0,1,0,0,0,0,0,1,0,1,0,0,0,1,0,0,0,0,0,0
2022,15000,50000.0,0,1,0,1,0,0,0,0,1,0,0,0,0,0,0,0,1,0,0
2023,0,55023.92344497608,0,1,0,1,0,0,0,0,1,0,0,0,0,0,0,0,1,0,0
2023,2500,55000.0,0,1,0,1,0,0,0,0,1,0,0,0,0,0,0,0,1,0,0
2017,135000,32535.88516746412,0,1,0,1,0,0,0,0,1,0,0,0,0,0,0,0,1,0,0
2012,190000,13500.0,0,0,1,0,0,0,1,0,1,0,0,0,0,1,0,0,0,0,0
2022,25000,29000.0,1,0,0,0,0,0,1,0,1,0,0,0,1,0,0,0,0,0,0
2008,290000,15000.0,0,1,0,0,1,0,0,0,0,1,0,0,0,0,0,0,0,1,0
2023,0,57000.0,0,1,0,1,0,0,0,0,1,0,0,0,0,0,0,0,1,0,0
2013,101000,29000.0,0,1,0,1,0,0,0,0,1,0,0,0,0,0,0,0,0,1,0
2023,1000,54000.0,0,1,0,1,0,0,0,0,1,0,0,0,0,0,0,0,1,0,0
2023,8000,53500.0,0,1,0,1,0,0,0,0,1,0,0,0,0,0,0,0,1,0,0
2012,144000,23923.44497607656,0,1,0,1,0,0,0,0,0,1,0,0,0,0,0,0,0,1,0
2021,92766,26315.78947368421,1,0,0,0,0,0,1,0,1,0,0,0,1,0,0,0,0,0,0
2021,67000,44500.0,0,1,0,1,0,0,0,0,1,0,0,0,0,0,0,0,1,0,0
2013,150000,22440.191387559807,0,1,0,1,0,0,0,0,1,0,0,0,0,0,0,0,0,1,0
2011,170000,11000.0,0,0,1,0,0,0,1,0,1,0,0,0,0,1,0,0,0,0,0
2022,0,31849.76076555024,1,0,0,0,0,0,1,0,1,0,0,0,1,0,0,0,0,0,0
2023,0,44708.13397129186,1,0,0,0,0,0,1,0,1,0,0,0,1,0,0,0,0,0,0
2021,23200,27500.0,1,0,0,0,0,0,1,0,1,0,0,0,1,0,0,0,0,0,0
2023,9800,69999.0,0,1,0,1,0,0,0,0,1,0,0,0,0,0,0,0,1,0,0
2006,190000,23900.0,0,1,0,1,0,0,0,0,1,0,0,0,0,0,0,0,0,1,0
2022,22000,33490.0,1,0,0,0,0,0,0,0,1,0,0,1,0,0,0,0,0,0,0
2024,1000,31500.0,1,0,0,0,0,0,1,0,1,0,0,0,1,0,0,0,0,0,0
2009,274000,21500.0,0,1,0,1,0,0,0,0,0,1,0,0,0,0,0,0,0,1,0
2023,0,37330.14354066986,1,0,0,0,0,0,1,0,1,0,0,0,1,0,0,0,0,0,0
2016,162000,34000.0,0,1,0,1,0,0,0,0,1,0,0,0,0,0,0,0,1,0,0
2019,65000,42000.0,0,1,0,1,0,0,0,0,1,0,0,0,0,0,0,0,1,0,0
2021,30000,54000.0,0,0,1,0,0,0,0,0,1,0,0,0,0,0,1,0,0,0,0
2023,0,66000.0,0,1,0,1,0,0,0,0,1,0,0,0,0,0,0,0,1,0,0
2022,60000,56000.0,0,1,0,1,0,0,0,0,1,0,0,0,0,0,0,0,1,0,0
2023,0,64593.3014354067,0,1,0,1,0,0,0,0,1,0,0,0,0,0,0,0,1,0,0
2018,185000,34449.76076555024,0,1,0,1,0,0,0,0,1,0,0,0,0,0,0,0,1,0,0
2007,286000,17224.880382775118,0,1,0,1,0,0,0,0,1,0,0,0,0,0,0,0,0,1,0
2022,37000,33000.0,1,0,0,0,0,0,0,0,1,0,0,1,0,0,0,0,0,0,0
2022,0,30624.88038277512,1,0,0,0,0,0,1,0,1,0,0,0,1,0,0,0,0,0,0
2012,186300,24500.0,0,1,0,1,0,0,0,0,1,0,0,0,0,0,0,0,0,1,0
2009,345000,18000.0,0,1,0,1,0,0,0,0,1,0,0,0,0,0,0,0,0,1,0
2023,500,64000.0,0,1,0,1,0,0,0,0,1,0,0,0,0,0,0,0,1,0,0
2024,0,34736.84210526316,1,0,0,0,0,0,0,0,1,0,0,1,0,0,0,0,0,0,0
2022,27000,30990.0,1,0,0,0,0,0,1,0,1,0,0,0,1,0,0,0,0,0,0
2017,181000,31499.0,0,1,0,1,0,0,0,0,1,0,0,0,0,0,0,0,1,0,0
2024,1111,34928.22966507177,1,0,0,0,0,0,0,0,1,0,0,1,0,0,0,0,0,0,0
2023,0,41148.32535885168,1,0,0,0,0,0,0,0,1,0,0,1,0,0,0,0,0,0,0
2022,49000,47000.0,0,1,0,1,0,0,0,0,1,0,0,0,0,0,0,0,1,0,0
2008,160000,22000.0,0,1,0,1,0,0,0,0,1,0,0,0,0,0,0,0,0,1,0
2009,235000,22000.0,0,1,0,1,0,0,0,0,1,0,0,0,0,0,0,0,0,1,0
2010,217000,22500.0,0,1,0,1,0,0,0,0,1,0,0,0,0,0,0,0,0,1,0
2022,36600,29900.0,1,0,0,0,0,0,1,0,1,0,0,0,1,0,0,0,0,0,0
2024,0,29747.36842105263,1,0,0,0,0,0,1,0,1,0,0,0,1,0,0,0,0,0,0
2008,281000,18300.0,0,1,0,1,0,0,0,0,0,1,0,0,0,0,0,0,0,1,0
2024,500,36000.0,1,0,0,0,0,0,1,0,1,0,0,0,0,0,0,0,0,0,0
2023,1000,54900.0,0,1,0,1,0,0,0,0,1,0,0,0,0,0,0,0,1,0,0
2023,1111,58000.0,0,1,0,1,0,0,0,0,1,0,0,0,0,0,0,0,1,0,0
2023,15000,47846.88995215311,0,1,0,1,0,0,0,0,1,0,0,0,0,0,0,0,1,0,0
2023,15500,72000.0,0,1,0,1,0,0,0,0,1,0,0,0,0,0,0,0,1,0,0
2024,0,29747.36842105263,1,0,0,0,0,0,1,0,1,0,0,0,1,0,0,0,0,0,0
2010,252934,19400.0,0,1,0,1,0,0,0,0,0,1,0,0,0,0,0,0,0,1,0
2009,152000,14600.0,0,0,1,0,0,0,1,0,1,0,0,0,0,1,0,0,0,0,0
2017,135000,33483.15789473684,0,1,0,1,0,0,0,0,1,0,0,0,0,0,0,0,1,0,0
2023,5000,35406.6985645933,1,0,0,0,0,0,1,0,1,0,0,0,1,0,0,0,0,0,0
2016,105000,36000.0,0,1,0,1,0,0,0,0,1,0,0,0,0,0,0,0,1,0,0
2019,95000,38500.0,0,1,0,1,0,0,0,0,0,1,0,0,0,0,0,0,1,0,0
2020,65000,44000.0,0,0,1,0,0,0,1,0,1,0,0,0,0,0,1,0,0,0,0
2020,56000,43000.0,0,1,0,1,0,0,0,0,1,0,0,0,0,0,0,0,1,0,0
2023,0,3435.406698564593,1,0,0,0,0,0,0,0,1,0,0,1,0,0,0,0,0,0,0
2023,6800,55000.0,0,1,0,1,0,0,0,0,1,0,0,0,0,0,0,0,1,0,0
2023,505,71000.0,0,0,1,0,0,0,0,0,0,1,0,0,0,0,1,0,0,0,0
2020,65426,36842.10526315789,0,1,0,1,0,0,0,0,1,0,0,0,0,0,0,0,1,0,0
2011,226000,20000.0,0,1,0,1,0,0,0,0,0,1,0,0,0,0,0,0,0,1,0
2019,125000,43700.0,0,1,0,1,0,0,0,0,1,0,0,0,0,0,0,0,1,0,0
2022,25000,30000.0,1,0,0,0,0,0,1,0,1,0,0,0,1,0,0,0,0,0,0
2023,0,64593.3014354067,0,1,0,1,0,0,0,0,1,0,0,0,0,0,0,0,1,0,0
2024,1500,35406.6985645933,1,0,0,0,0,0,1,0,1,0,0,0,1,0,0,0,0,0,0
2006,275000,15000.0,0,1,0,1,0,0,0,0,0,1,0,0,0,0,0,0,0,1,0
2021,74000,39500.0,0,1,0,1,0,0,0,0,1,0,0,0,0,0,0,0,1,0,0
2022,20000,49000.0,0,1,0,1,0,0,0,0,1,0,0,0,0,0,0,0,1,0,0
2023,5500,33000.0,1,0,0,0,0,0,1,0,1,0,0,0,1,0,0,0,0,0,0
2021,15000,33500.0,1,0,0,0,0,0,1,0,1,0,0,0,1,0,0,0,0,0,0
2021,40000,49000.0,0,1,0,1,0,0,0,0,1,0,0,0,0,0,0,0,1,0,0
2010,260000,22009.569377990432,0,1,0,1,0,0,0,0,0,1,0,0,0,0,0,0,0,1,0
2017,100000,39000.0,0,1,0,1,0,0,0,0,1,0,0,0,0,0,0,0,1,0,0
2017,27500,42900.0,0,1,0,1,0,0,0,0,1,0,0,0,0,0,0,0,1,0,0
2022,46000,43540.66985645933,0,1,0,1,0,0,0,0,1,0,0,0,0,0,0,0,1,0,0
2022,18000,33000.0,1,0,0,0,0,0,1,0,1,0,0,0,1,0,0,0,0,0,0
2023,6000,40900.0,1,0,0,0,0,0,1,0,1,0,0,0,1,0,0,0,0,0,0
2023,0,30133.014354066985,1,0,0,0,0,0,0,0,1,0,0,1,0,0,0,0,0,0,0
2022,74000,33491.86602870814,1,0,0,0,0,0,0,0,1,0,0,1,0,0,0,0,0,0,0
2023,0,34545.454545454544,1,0,0,0,0,0,1,0,1,0,0,0,1,0,0,0,0,0,0
2022,38000,51800.0,0,1,0,1,0,0,0,0,1,0,0,0,0,0,0,0,1,0,0
2018,105345,38000.0,0,1,0,1,0,0,0,0,1,0,0,0,0,0,0,0,1,0,0
2012,190000,13500.0,0,0,1,0,0,0,1,0,1,0,0,0,0,1,0,0,0,0,0
2022,43000,64000.0,0,1,0,1,0,0,0,0,1,0,0,0,0,0,0,0,1,0,0
2022,1111,53600.0,0,1,0,1,0,0,0,0,1,0,0,0,0,0,0,0,1,0,0
2006,299000,16900.0,0,1,0,1,0,0,0,0,1,0,0,0,0,0,0,0,0,1,0
2013,78800,21531.1004784689,0,1,0,0,0,0,1,0,1,0,0,0,0,0,0,1,0,0,0
2011,170000,23900.0,0,1,0,1,0,0,0,0,1,0,0,0,0,0,0,0,0,1,0
2007,287000,18000.0,0,1,0,1,0,0,0,0,0,1,0,0,0,0,0,0,0,1,0
2021,63000,27272.727272727272,1,0,0,0,0,0,1,0,1,0,0,0,1,0,0,0,0,0,0
2021,42300,45000.0,0,1,0,1,0,0,0,0,1,0,0,0,0,0,0,0,1,0,0
2013,150000,25837.32057416268,0,1,0,1,0,0,0,0,1,0,0,0,0,0,0,0,0,1,0
2008,137000,10000.0,0,0,1,0,0,0,1,0,1,0,0,0,0,1,0,0,0,0,0
2019,60000,39500.0,0,1,0,1,0,0,0,0,0,1,0,0,0,0,0,0,1,0,0
2017,64000,40000.0,0,1,0,1,0,0,0,0,1,0,0,0,0,0,0,0,1,0,0
2023,0,58373.20574162679,0,1,0,1,0,0,0,0,1,0,0,0,0,0,0,0,1,0,0
2018,138500,39799.0,0,1,0,1,0,0,0,0,0,1,0,0,0,0,0,0,1,0,0
2017,126000,24784.68899521531,0,0,1,0,0,0,1,0,1,0,0,0,1,0,0,0,0,0,0
2012,115000,14000.0,0,0,1,0,0,0,1,0,1,0,0,0,0,1,0,0,0,0,0
2020,70000,44000.0,0,1,0,1,0,0,0,0,1,0,0,0,0,0,0,0,1,0,0
2008,285000,20500.0,0,1,0,1,0,0,0,0,1,0,0,0,0,0,0,0,0,1,0
2022,90000,48000.0,0,1,0,1,0,0,0,0,1,0,0,0,0,0,0,0,1,0,0
2010,265000,23000.0,0,1,0,1,0,0,0,0,0,1,0,0,0,0,0,0,0,1,0
2018,68851,29071.77033492823,0,0,1,0,0,0,1,0,1,0,1,0,0,0,0,0,0,0,0
2022,29000,32500.0,1,0,0,0,0,0,1,0,1,0,0,0,1,0,0,0,0,0,0
2018,94000,39000.0,0,1,0,1,0,0,0,0,1,0,0,0,0,0,0,0,1,0,0
2018,115000,40900.0,0,1,0,1,0,0,0,0,1,0,0,0,0,0,0,0,1,0,0
2012,141000,26800.0,0,1,0,1,0,0,0,0,1,0,0,0,0,0,0,0,0,1,0
2023,6400,59000.0,0,1,0,1,0,0,0,0,1,0,0,0,0,0,0,0,1,0,0
2013,200000,23923.44497607656,0,1,0,1,0,0,0,0,1,0,0,0,0,0,0,0,0,1,0
2019,73000,39500.0,0,1,0,1,0,0,0,0,0,1,0,0,0,0,0,0,1,0,0
2022,50000,28500.0,1,0,0,0,0,0,0,0,1,0,0,1,0,0,0,0,0,0,0
2021,17000,45933.01435406699,0,1,0,1,0,0,0,0,1,0,0,0,0,0,0,0,1,0,0
2018,108144,38516.746411483255,0,1,0,1,0,0,0,0,1,0,0,0,0,0,0,0,1,0,0
2021,14500,47500.0,0,1,0,1,0,0,0,0,1,0,0,0,0,0,0,0,1,0,0
2019,150000,38277.511961722485,0,1,0,1,0,0,0,0,1,0,0,0,0,0,0,0,1,0,0
2023,0,12398.086124401914,1,0,0,0,0,0,1,0,1,0,0,0,1,0,0,0,0,0,0
2023,0,38181.81818181818,1,0,0,0,0,0,1,0,1,0,0,0,1,0,0,0,0,0,0
2023,16663,28612.44019138756,1,0,0,0,0,0,1,0,1,0,0,0,1,0,0,0,0,0,0
2017,157500,30900.0,0,1,0,1,0,0,0,0,1,0,0,0,0,0,0,0,1,0,0
2022,55000,32057.416267942583,1,0,0,0,0,0,1,0,1,0,0,0,1,0,0,0,0,0,0
2023,9000,52153.11004784689,0,1,0,1,0,0,0,0,1,0,0,0,0,0,0,0,1,0,0
2023,8002,53500.0,0,1,0,1,0,0,0,0,1,0,0,0,0,0,0,0,1,0,0
2023,600,55500.0,0,1,0,1,0,0,0,0,1,0,0,0,0,0,0,0,1,0,0
2018,199000,22000.0,0,0,1,0,0,0,1,0,1,0,0,0,0,0,1,0,0,0,0
2007,291000,15300.0,0,1,0,1,0,0,0,0,0,1,0,0,0,0,0,0,0,1,0
2023,1000,56500.0,0,1,0,1,0,0,0,0,1,0,0,0,0,0,0,0,1,0,0
2020,89990,40669.85645933014,0,1,0,1,0,0,0,0,1,0,0,0,0,0,0,0,1,0,0
2024,0,39500.0,1,0,0,0,0,0,1,0,1,0,0,0,0,0,0,0,0,0,1
2024,500,33900.0,1,0,0,0,0,0,1,0,1,0,0,0,1,0,0,0,0,0,0
2023,10000,53110.04784688995,0,1,0,1,0,0,0,0,0,1,0,0,0,0,0,0,1,0,0
2023,1550,59900.0,0,1,0,1,0,0,0,0,1,0,0,0,0,0,0,0,1,0,0
2023,0,33492.82296650718,1,0,0,0,0,0,1,0,1,0,0,0,1,0,0,0,0,0,0
2023,0,37320.57416267943,1,0,0,0,0,0,0,0,1,0,0,1,0,0,0,0,0,0,0
2017,135000,34440.095693779906,0,1,0,1,0,0,0,0,1,0,0,0,0,0,0,0,1,0,0
2017,126000,33000.0,0,1,0,1,0,0,0,0,0,1,0,0,0,0,0,0,1,0,0
2014,90000,29000.0,0,1,0,1,0,0,0,0,0,1,0,0,0,0,0,0,0,1,0
2023,2023,57000.0,0,1,0,1,0,0,0,0,1,0,0,0,0,0,0,0,1,0,0
2020,65000,43900.0,0,1,0,1,0,0,0,0,1,0,0,0,0,0,0,0,1,0,0
2009,340000,8612.440191387559,0,0,1,0,0,0,1,0,1,0,0,0,0,1,0,0,0,0,0
2018,98800,35000.0,0,1,0,1,0,0,0,0,1,0,0,0,0,0,0,0,1,0,0
2022,20000,33900.0,1,0,0,0,0,0,0,0,1,0,0,1,0,0,0,0,0,0,0
2013,124000,26800.0,0,1,0,1,0,0,0,0,0,1,0,0,0,0,0,0,0,1,0
2023,2000,53000.0,0,1,0,1,0,0,0,0,1,0,0,0,0,0,0,0,1,0,0
2020,22000,45000.0,0,1,0,1,0,0,0,0,1,0,0,0,0,0,0,0,1,0,0
2017,100000,33000.0,0,1,0,1,0,0,0,0,1,0,0,0,0,0,0,0,1,0,0
2024,0,57000.0,0,1,0,1,0,0,0,0,1,0,0,0,0,0,0,0,1,0,0
2012,221781,22800.0,0,1,0,1,0,0,0,0,1,0,0,0,0,0,0,0,0,1,0
2012,182000,24000.0,0,1,0,1,0,0,0,0,1,0,0,0,0,0,0,0,0,1,0
2024,0,36267.94258373206,1,0,0,0,0,0,0,0,1,0,0,1,0,0,0,0,0,0,0
2008,240000,18000.0,0,1,0,1,0,0,0,0,1,0,0,0,0,0,0,0,0,1,0
2012,197400,12300.0,0,0,1,0,0,0,1,0,1,0,0,0,0,1,0,0,0,0,0
2021,47198,28698.564593301435,1,0,0,0,0,0,0,0,1,0,0,1,0,0,0,0,0,0,0
2023,50,29500.0,1,0,0,0,0,0,1,0,1,0,0,0,1,0,0,0,0,0,0
2012,156000,18000.0,0,0,1,0,0,0,1,0,1,0,0,0,0,1,0,0,0,0,0
2014,158000,22800.0,0,0,1,0,0,0,1,0,1,0,0,0,0,0,1,0,0,0,0
2022,124000,32500.0,1,0,0,0,0,0,1,0,1,0,0,0,1,0,0,0,0,0,0
2016,124000,36267.94258373206,0,1,0,1,0,0,0,0,1,0,0,0,0,0,0,0,1,0,0
2022,25000,27550.23923444976,1,0,0,0,0,0,1,0,1,0,0,0,1,0,0,0,0,0,0
2024,500,28229.66507177033,1,0,0,0,0,0,1,0,1,0,0,0,1,0,0,0,0,0,0
2023,16000,30000.0,1,0,0,0,0,0,1,0,1,0,0,0,1,0,0,0,0,0,0
2021,90249,44976.07655502392,0,1,0,1,0,0,0,0,1,0,0,0,0,0,0,0,1,0,0
2023,0,53540.66985645933,0,1,0,1,0,0,0,0,1,0,0,0,0,0,0,0,1,0,0
2019,80500,38000.0,0,1,0,1,0,0,0,0,1,0,0,0,0,0,0,0,1,0,0
2011,210000,22000.0,0,1,0,1,0,0,0,0,1,0,0,0,0,0,0,0,0,1,0
2023,15057,31900.0,1,0,0,0,0,0,1,0,1,0,0,0,1,0,0,0,0,0,0
2017,150000,34000.0,0,1,0,1,0,0,0,0,1,0,0,0,0,0,0,0,1,0,0
2018,64000,39000.0,0,1,0,1,0,0,0,0,1,0,0,0,0,0,0,0,1,0,0
2023,0,34500.0,1,0,0,0,0,0,0,0,1,0,0,1,0,0,0,0,0,0,0
2022,4000,34800.0,1,0,0,0,0,0,1,0,1,0,0,0,1,0,0,0,0,0,0
2022,19000,41626.79425837321,0,1,0,1,0,0,0,0,1,0,0,0,0,0,0,0,1,0,0
2018,61000,41900.0,0,1,0,1,0,0,0,0,1,0,0,0,0,0,0,0,1,0,0
2019,23000,46000.0,0,1,0,1,0,0,0,0,1,0,0,0,0,0,0,0,1,0,0
2021,44000,33900.0,1,0,0,0,0,0,1,0,1,0,0,0,1,0,0,0,0,0,0
2019,40000,42900.0,0,0,1,0,0,0,0,0,0,0,0,0,0,0,0,0,0,0,0
2022,33500,30621.91387559809,1,0,0,0,0,0,1,0,1,0,0,0,1,0,0,0,0,0,0
2012,210000,22000.0,0,1,0,1,0,0,0,0,1,0,0,0,0,0,0,0,0,1,0
2023,1100,34928.22966507177,1,0,0,0,0,0,1,0,1,0,0,0,1,0,0,0,0,0,0
2024,0,63900.0,0,1,0,1,0,0,0,0,1,0,0,0,0,0,0,0,1,0,0
2022,25000,35900.0,1,0,0,0,0,0,1,0,1,0,0,0,1,0,0,0,0,0,0
2016,170000,32057.416267942583,0,1,0,1,0,0,0,0,1,0,0,0,0,0,0,0,1,0,0
2013,185000,23900.0,0,1,0,1,0,0,0,0,1,0,0,0,0,0,0,0,0,1,0
2024,945,31100.47846889952,1,0,0,0,0,0,1,0,1,0,0,0,1,0,0,0,0,0,0
2023,0,60900.0,0,1,0,1,0,0,0,0,1,0,0,0,0,0,0,0,1,0,0
2017,172000,32500.0,0,1,0,1,0,0,0,0,1,0,0,0,0,0,0,0,1,0,0
2018,83000,38900.0,0,1,0,1,0,0,0,0,1,0,0,0,0,0,0,0,1,0,0
2013,166000,23923.44497607656,0,1,0,0,0,0,1,0,1,0,0,0,0,0,0,1,0,0,0
2024,500,34000.0,1,0,0,0,0,0,0,0,1,0,0,1,0,0,0,0,0,0,0
2023,27500,54066.98564593301,0,1,0,1,0,0,0,0,1,0,0,0,0,0,0,0,1,0,0
2019,80000,29900.0,0,0,1,0,0,0,1,0,1,0,0,0,1,0,0,0,0,0,0
2023,500,47500.0,0,1,0,1,0,0,0,0,1,0,0,0,0,0,0,0,1,0,0
2020,71251,39138.75598086124,0,1,0,1,0,0,0,0,1,0,0,0,0,0,0,0,1,0,0
1999,298000,13500.0,0,1,0,1,0,0,0,0,0,1,0,0,0,0,0,0,0,1,0
2017,133000,34354.066985645935,0,1,0,1,0,0,0,0,0,1,0,0,0,0,0,0,1,0,0
2013,136000,17500.0,0,0,1,0,0,0,1,0,1,0,0,0,1,0,0,0,0,0,0
2018,77530,40900.0,0,1,0,1,0,0,0,0,1,0,0,0,0,0,0,0,1,0,0
2021,63700,45500.0,0,1,0,1,0,0,0,0,1,0,0,0,0,0,0,0,1,0,0
2023,550,31500.0,1,0,0,0,0,0,1,0,1,0,0,0,1,0,0,0,0,0,0
2017,90000,39000.0,0,1,0,1,0,0,0,0,1,0,0,0,0,0,0,0,1,0,0
2024,1000,34449.76076555024,1,0,0,0,0,0,1,0,1,0,0,0,1,0,0,0,0,0,0
2017,160000,33492.82296650718,0,1,0,1,0,0,0,0,1,0,0,0,0,0,0,0,1,0,0
2023,0,53687.36842105263,0,1,0,1,0,0,0,0,1,0,0,0,0,0,0,0,1,0,0
2017,123000,33000.0,0,1,0,1,0,0,0,0,1,0,0,0,0,0,0,0,1,0,0
2024,0,29747.36842105263,1,0,0,0,0,0,1,0,1,0,0,0,1,0,0,0,0,0,0
2016,126840,33971.29186602871,0,1,0,1,0,0,0,0,1,0,0,0,0,0,0,0,1,0,0
2011,193000,22500.0,0,1,0,1,0,0,0,0,1,0,0,0,0,0,0,0,0,1,0
2024,3500,55000.0,0,1,0,1,0,0,0,0,1,0,0,0,0,0,0,0,1,0,0
2016,178500,30000.0,0,1,0,1,0,0,0,0,0,1,0,0,0,0,0,0,1,0,0
2018,70000,37000.0,0,0,1,0,0,0,1,0,1,0,0,0,0,0,1,0,0,0,0
2021,38000,46999.0,0,1,0,1,0,0,0,0,1,0,0,0,0,0,0,0,1,0,0
2012,198000,22000.0,0,1,0,1,0,0,0,0,1,0,0,0,0,0,0,0,0,1,0
2015,170000,23900.0,0,1,0,0,0,0,1,0,1,0,0,0,0,0,0,1,0,0,0
2010,270000,10900.0,0,0,1,0,0,0,1,0,1,0,0,0,0,1,0,0,0,0,0
2013,165000,16500.0,0,0,1,0,0,0,1,0,1,0,0,0,1,0,0,0,0,0,0
2023,3500,38900.0,1,0,0,0,0,0,0,0,1,0,0,1,0,0,0,0,0,0,0
2012,270000,22009.569377990432,0,1,0,1,0,0,0,0,0,1,0,0,0,0,0,0,0,1,0
2024,0,73200.95693779904,0,1,0,1,0,0,0,0,1,0,0,0,0,0,0,0,1,0,0
2020,90000,41000.0,0,1,0,1,0,0,0,0,1,0,0,0,0,0,0,0,1,0,0
2023,22100,35406.6985645933,1,0,0,0,0,0,1,0,1,0,0,0,1,0,0,0,0,0,0
2017,85000,36363.63636363636,0,1,0,1,0,0,0,0,1,0,0,0,0,0,0,0,1,0,0
2024,550,37224.88038277512,1,0,0,0,0,0,0,0,1,0,0,1,0,0,0,0,0,0,0
2020,86000,38700.0,0,1,0,1,0,0,0,0,1,0,0,0,0,0,0,0,1,0,0
2011,210000,21500.0,0,1,0,1,0,0,0,0,0,1,0,0,0,0,0,0,0,1,0
2014,144100,20861.24401913876,0,0,1,0,0,0,1,0,1,0,0,0,0,0,1,0,0,0,0
2013,141000,24800.0,0,1,0,1,0,0,0,0,1,0,0,0,0,0,0,0,0,1,0
2024,0,35311.004784688994,1,0,0,0,0,0,0,0,1,0,0,1,0,0,0,0,0,0,0
2016,118140,35000.0,0,1,0,1,0,0,0,0,1,0,0,0,0,0,0,0,1,0,0
2022,24000,28000.0,1,0,0,0,0,0,1,0,1,0,0,0,1,0,0,0,0,0,0
2018,163000,32535.88516746412,0,1,0,1,0,0,0,0,1,0,0,0,0,0,0,0,1,0,0
2022,36618,34928.22966507177,1,0,0,0,0,0,0,0,1,0,0,1,0,0,0,0,0,0,0
2017,110000,35500.0,0,1,0,1,0,0,0,0,1,0,0,0,0,0,0,0,1,0,0
2020,80000,42000.0,0,1,0,1,0,0,0,0,1,0,0,0,0,0,0,0,1,0,0
2020,85000,42000.0,0,1,0,1,0,0,0,0,1,0,0,0,0,0,0,0,1,0,0
2016,130000,32800.0,0,1,0,1,0,0,0,0,1,0,0,0,0,0,0,0,1,0,0
2021,51700,29186.6028708134,1,0,0,0,0,0,1,0,1,0,0,0,1,0,0,0,0,0,0
2021,23757,49000.0,0,1,0,1,0,0,0,0,1,0,0,0,0,0,0,0,1,0,0
2021,30000,28708.133971291867,1,0,0,0,0,0,0,0,1,0,0,1,0,0,0,0,0,0,0
2019,79500,33000.0,0,1,0,1,0,0,0,0,0,1,0,0,0,0,0,0,1,0,0
2002,400000,17000.0,0,1,0,0,1,0,0,0,0,1,0,0,0,0,0,0,0,1,0
2024,0,55980.861244019135,0,1,0,1,0,0,0,0,1,0,0,0,0,0,0,0,1,0,0
2021,65000,28500.0,1,0,0,0,0,0,1,0,1,0,0,0,1,0,0,0,0,0,0
2022,50000,26258.373205741627,1,0,0,0,0,0,1,0,1,0,0,0,0,0,0,0,0,0,0
2016,132000,34000.0,0,1,0,1,0,0,0,0,1,0,0,0,0,0,0,0,1,0,0
2023,0,33492.82296650718,1,0,0,0,0,0,1,0,1,0,0,0,1,0,0,0,0,0,0
2023,1111,65000.0,0,1,0,1,0,0,0,0,1,0,0,0,0,0,0,0,1,0,0
2021,59000,27655.502392344497,1,0,0,0,0,0,1,0,1,0,0,0,1,0,0,0,0,0,0
2008,175000,19000.0,0,1,0,1,0,0,0,0,0,1,0,0,0,0,0,0,0,1,0
2021,44000,48000.0,0,0,1,0,0,0,0,0,0,0,0,0,0,0,0,0,0,0,0
2019,70000,39234.44976076555,0,1,0,1,0,0,0,0,0,1,0,0,0,0,0,0,1,0,0
2017,110000,27900.0,0,0,1,0,0,0,1,0,1,0,0,0,0,0,1,0,0,0,0
2012,143000,25500.0,0,1,0,1,0,0,0,0,0,1,0,0,0,0,0,0,0,1,0
2017,88000,40191.387559808616,0,1,0,1,0,0,0,0,1,0,0,0,0,0,0,0,1,0,0
2019,67000,38900.0,0,1,0,1,0,0,0,0,0,1,0,0,0,0,0,0,1,0,0
2017,95000,35000.0,0,1,0,0,0,0,1,0,1,0,0,0,0,0,0,0,1,0,0
2023,25500,31750.0,1,0,0,0,0,0,1,0,1,0,0,0,1,0,0,0,0,0,0
1999,175000,18000.0,0,1,0,1,0,0,0,0,0,1,0,0,0,0,0,0,0,1,0
2021,92000,45000.0,0,1,0,1,0,0,0,0,1,0,0,0,0,0,0,0,1,0,0
2023,0,31849.76076555024,1,0,0,0,0,0,1,0,1,0,0,0,1,0,0,0,0,0,0
2020,29500,52900.0,0,1,0,1,0,0,0,0,1,0,0,0,0,0,0,0,1,0,0
2018,167000,32057.416267942583,0,1,0,1,0,0,0,0,1,0,0,0,0,0,0,0,1,0,0
2019,50000,36500.0,0,1,0,1,0,0,0,0,0,1,0,0,0,0,0,0,1,0,0
2022,13578,31100.47846889952,1,0,0,0,0,0,0,0,1,0,0,1,0,0,0,0,0,0,0
2017,145000,34510.0,0,1,0,1,0,0,0,0,1,0,0,0,0,0,0,0,1,0,0
2017,159000,34000.0,0,1,0,1,0,0,0,0,1,0,0,0,0,0,0,0,0,0,0
2024,0,55502.39234449761,0,1,0,1,0,0,0,0,1,0,0,0,0,0,0,0,1,0,0
2023,0,34100.0,1,0,0,0,0,0,0,0,1,0,0,1,0,0,0,0,0,0,0
2011,320000,21000.0,0,1,0,1,0,0,0,0,0,1,0,0,0,0,0,0,0,1,0
2020,37500,44000.0,0,1,0,1,0,0,0,0,1,0,0,0,0,0,0,0,1,0,0
2015,122000,28708.133971291867,0,1,0,1,0,0,0,0,0,0,0,0,0,0,0,0,0,1,0
2016,180000,33492.82296650718,0,1,0,1,0,0,0,0,1,0,0,0,0,0,0,0,1,0,0
2020,35000,45500.0,0,1,0,1,0,0,0,0,1,0,0,0,0,0,0,0,1,0,0
2018,122000,36500.0,0,1,0,1,0,0,0,0,0,1,0,0,0,0,0,0,1,0,0
2024,1500,35406.6985645933,1,0,0,0,0,0,1,0,1,0,0,0,0,0,0,0,0,0,0
2019,49000,39800.0,0,1,0,1,0,0,0,0,1,0,0,0,0,0,0,0,1,0,0
2017,135000,34440.095693779906,0,1,0,1,0,0,0,0,1,0,0,0,0,0,0,0,1,0,0
2023,500,53000.0,0,1,0,1,0,0,0,0,1,0,0,0,0,0,0,0,1,0,0
2023,1111,59234.44976076555,0,1,0,1,0,0,0,0,1,0,0,0,0,0,0,0,1,0,0
2018,47500,37500.0,0,1,0,1,0,0,0,0,1,0,0,0,0,0,0,0,1,0,0
2023,16000,68000.0,0,1,0,1,0,0,0,0,1,0,0,0,0,0,0,0,1,0,0
2010,275000,10900.0,0,0,1,0,0,0,1,0,1,0,0,0,0,1,0,0,0,0,0
2010,252934,19400.0,0,1,0,1,0,0,0,0,0,1,0,0,0,0,0,0,0,1,0
2023,0,53687.36842105263,0,1,0,1,0,0,0,0,1,0,0,0,0,0,0,0,1,0,0
2021,40000,44019.13875598087,0,1,0,1,0,0,0,0,1,0,0,0,0,0,0,0,1,0,0
1997,313000,11500.0,0,1,0,0,1,0,0,0,0,1,0,0,0,0,0,0,0,1,0
2009,142600,10800.0,0,0,1,0,0,0,1,0,1,0,0,0,0,1,0,0,0,0,0
2023,4600,30622.00956937799,1,0,0,0,0,0,1,0,1,0,0,0,1,0,0,0,0,0,0
2020,90000,38500.0,0,1,0,1,0,0,0,0,1,0,0,0,0,0,0,0,1,0,0
2024,0,34449.76076555024,1,0,0,0,0,0,1,0,1,0,0,0,1,0,0,0,0,0,0
2024,1300,38000.0,1,0,0,0,0,0,0,0,1,0,0,1,0,0,0,0,0,0,0
2019,38000,50500.0,0,0,1,0,0,0,1,0,1,0,0,0,0,0,1,0,0,0,0
2019,65000,37000.0,0,0,1,0,0,0,0,0,1,0,0,0,0,0,0,0,0,0,0
2023,0,53687.36842105263,0,1,0,1,0,0,0,0,1,0,0,0,0,0,0,0,1,0,0
2023,0,28602.87081339713,1,0,0,0,0,0,1,0,1,0,0,0,1,0,0,0,0,0,0
2021,75000,31000.0,1,0,0,0,0,0,0,0,1,0,0,1,0,0,0,0,0,0,0
2019,72000,44000.0,0,0,1,0,0,0,1,0,1,0,0,0,0,0,1,0,0,0,0
2015,210000,25000.0,0,1,0,0,0,0,1,0,1,0,0,0,0,0,0,1,0,0,0
2022,4000,57416.26794258373,0,1,0,1,0,0,0,0,1,0,0,0,0,0,0,0,1,0,0
2019,75000,40000.0,0,1,0,1,0,0,0,0,1,0,0,0,0,0,0,0,1,0,0
2021,38000,49900.0,0,1,0,1,0,0,0,0,1,0,0,0,0,0,0,0,1,0,0
2023,0,33014.354066985645,1,0,0,0,0,0,1,0,1,0,0,0,1,0,0,0,0,0,0
2016,160000,26794.258373205743,0,1,0,1,0,0,0,0,0,1,0,0,0,0,0,0,1,0,0
2023,0,67000.0,0,1,0,1,0,0,0,0,1,0,0,0,0,0,0,0,1,0,0
2007,275000,17224.880382775118,0,1,0,1,0,0,0,0,1,0,0,0,0,0,0,0,0,1,0
2006,282000,14500.0,0,1,0,1,0,0,0,0,0,1,0,0,0,0,0,0,0,1,0
2019,87574,40000.0,0,0,1,0,0,0,0,0,1,0,0,0,0,0,1,0,0,0,0
2010,220000,24500.0,0,1,0,1,0,0,0,0,1,0,0,0,0,0,0,0,0,1,0
2018,100000,36000.0,0,1,0,1,0,0,0,0,1,0,0,0,0,0,0,0,1,0,0
2013,152000,16000.0,0,0,1,0,0,0,1,0,1,0,0,0,0,1,0,0,0,0,0
2008,206000,20800.0,0,1,0,1,0,0,0,0,1,0,0,0,0,0,0,0,0,1,0
2021,49000,45000.0,0,1,0,1,0,0,0,0,1,0,0,0,0,0,0,0,1,0,0
2019,185000,35000.0,0,0,1,0,0,0,1,0,1,0,0,0,0,0,1,0,0,0,0
2023,0,33500.0,1,0,0,0,0,0,0,0,1,0,0,1,0,0,0,0,0,0,0
2020,46600,40000.0,0,1,0,1,0,0,0,0,1,0,0,0,0,0,0,0,1,0,0
2021,49000,46000.0,0,1,0,1,0,0,0,0,1,0,0,0,0,0,0,0,1,0,0
2014,300000,22000.0,0,1,0,1,0,0,0,0,0,1,0,0,0,0,0,0,0,1,0
2024,0,30794.258373205743,1,0,0,0,0,0,1,0,1,0,0,0,1,0,0,0,0,0,0
2024,1111,39900.0,1,0,0,0,0,0,0,0,1,0,0,1,0,0,0,0,0,0,0
2023,1000,70000.0,0,0,1,0,0,1,0,0,1,0,0,0,0,0,1,0,0,0,0
2021,24990,46700.0,0,0,1,0,0,0,1,0,1,0,0,0,0,0,1,0,0,0,0
2021,71000,30143.531100478467,1,0,0,0,0,0,0,0,1,0,0,1,0,0,0,0,0,0,0
2023,14000,53900.0,0,1,0,1,0,0,0,0,1,0,0,0,0,0,0,0,1,0,0
2022,48208,33971.29186602871,1,0,0,0,0,0,1,0,1,0,0,0,1,0,0,0,0,0,0
2023,14000,28708.133971291867,1,0,0,0,0,0,1,0,1,0,0,0,1,0,0,0,0,0,0
2019,85000,33492.82296650718,0,0,1,0,0,1,0,0,1,0,0,0,0,0,1,0,0,0,0
2024,0,55023.92344497608,0,1,0,1,0,0,0,0,0,0,0,0,0,0,0,0,0,0,0
2012,134500,14832.535885167465,0,0,1,0,0,0,1,0,1,0,0,0,0,1,0,0,0,0,0
2023,19000,49750.0,0,1,0,1,0,0,0,0,1,0,0,0,0,0,0,0,1,0,0
2021,98000,44880.382775119615,0,1,0,1,0,0,0,0,1,0,0,0,0,0,0,0,1,0,0
2023,1503,53900.0,0,1,0,1,0,0,0,0,0,0,0,0,0,0,0,0,0,0,0
2022,42000,51900.0,0,1,0,1,0,0,0,0,1,0,0,0,0,0,0,0,1,0,0
2024,500,32700.0,1,0,0,0,0,0,0,0,1,0,0,1,0,0,0,0,0,0,0
2009,237500,20000.0,0,1,0,1,0,0,0,0,0,1,0,0,0,0,0,0,0,1,0
2022,43500,47500.0,0,1,0,1,0,0,0,0,1,0,0,0,0,0,0,0,1,0,0
2023,10000,34500.0,1,0,0,0,0,0,1,0,1,0,0,0,1,0,0,0,0,0,0
2022,60000,54000.0,0,0,1,0,0,0,1,0,1,0,0,0,0,0,1,0,0,0,0
2022,48000,49000.0,0,1,0,1,0,0,0,0,1,0,0,0,0,0,0,0,1,0,0
2014,204000,25263.157894736843,0,1,0,1,0,0,0,0,1,0,0,0,0,0,0,0,0,1,0
2012,135762,24950.0,0,1,0,1,0,0,0,0,0,1,0,0,0,0,0,0,0,1,0
2016,165000,33900.0,0,1,0,1,0,0,0,0,1,0,0,0,0,0,0,0,1,0,0
2013,207000,15000.0,0,0,1,0,0,0,1,0,1,0,0,0,1,0,0,0,0,0,0
2018,50000,41000.0,0,1,0,1,0,0,0,0,0,1,0,0,0,0,0,0,1,0,0
2021,67200,48500.0,0,1,0,1,0,0,0,0,1,0,0,0,0,0,0,0,1,0,0
2022,40000,31500.0,1,0,0,0,0,0,0,0,1,0,0,0,1,0,0,0,0,0,0
2012,315000,22000.0,0,1,0,1,0,0,0,0,1,0,0,0,0,0,0,0,0,1,0
2021,32000,49000.0,0,1,0,1,0,0,0,0,1,0,0,0,0,0,0,0,1,0,0
2013,140000,17703.34928229665,0,0,1,0,0,0,1,0,1,0,0,0,1,0,0,0,0,0,0
2016,110000,25000.0,0,0,1,0,0,0,1,0,1,0,0,0,0,0,1,0,0,0,0
2024,0,35000.0,1,0,0,0,0,0,0,0,1,0,0,1,0,0,0,0,0,0,0
2017,98000,49500.0,0,1,0,1,0,0,0,0,1,0,0,0,0,0,0,0,1,0,0
2024,0,59652.63157894737,0,1,0,1,0,0,0,0,1,0,0,0,0,0,0,0,1,0,0
2013,168000,28000.0,0,1,0,1,0,0,0,0,1,0,0,0,0,0,0,0,0,1,0
2007,290000,17703.34928229665,0,1,0,1,0,0,0,0,0,1,0,0,0,0,0,0,0,1,0
2018,106000,37000.0,0,1,0,1,0,0,0,0,0,1,0,0,0,0,0,0,1,0,0
2018,90000,39900.0,0,1,0,1,0,0,0,0,1,0,0,0,0,0,0,0,1,0,0
2020,67500,47990.0,0,0,1,0,0,0,1,0,1,0,0,0,0,0,1,0,0,0,0
2023,10000,60000.0,0,1,0,1,0,0,0,0,1,0,0,0,0,0,0,0,1,0,0
2020,100000,36363.63636363636,0,1,0,1,0,0,0,0,1,0,0,0,0,0,0,0,1,0,0
2024,500,39000.0,1,0,0,0,0,0,0,0,1,0,0,1,0,0,0,0,0,0,0
2014,87500,17703.34928229665,0,0,1,0,0,0,1,0,1,0,0,0,1,0,0,0,0,0,0
2015,123204,20500.0,0,0,1,0,0,0,1,0,1,0,0,0,1,0,0,0,0,0,0
2016,150000,34800.0,0,1,0,1,0,0,0,0,1,0,0,0,0,0,0,0,1,0,0
2016,1111111,37799.04306220096,0,1,0,1,0,0,0,0,1,0,0,0,0,0,0,0,1,0,0
2013,130000,15800.0,0,0,1,0,0,0,1,0,1,0,0,0,0,1,0,0,0,0,0
2014,70000,26900.0,0,1,0,1,0,0,0,0,0,1,0,0,0,0,0,0,0,1,0
2024,0,62000.0,0,1,0,1,0,0,0,0,0,0,0,0,0,0,0,0,1,0,0
2012,138500,14800.0,0,0,1,0,0,0,1,0,1,0,0,0,0,1,0,0,0,0,0
2017,147000,31000.0,0,1,0,1,0,0,0,0,1,0,0,0,0,0,0,0,1,0,0
2008,175000,13000.0,0,0,1,0,0,0,1,0,1,0,0,0,0,0,0,0,0,0,0
2007,240000,18500.0,0,1,0,1,0,0,0,0,1,0,0,0,0,0,0,0,0,1,0
2012,240000,24000.0,0,1,0,1,0,0,0,0,1,0,0,0,0,0,0,0,0,1,0
2023,0,35000.0,1,0,0,0,0,0,1,0,1,0,0,0,1,0,0,0,0,0,0
2013,210000,21531.1004784689,0,1,0,1,0,0,0,0,1,0,0,0,0,0,0,0,0,0,0
2019,85000,42000.0,0,1,0,1,0,0,0,0,0,1,0,0,0,0,0,0,1,0,0
2018,71800,38500.0,0,1,0,1,0,0,0,0,1,0,0,0,0,0,0,0,1,0,0
2024,0,54641.14832535885,0,1,0,1,0,0,0,0,1,0,0,0,0,0,0,0,1,0,0
2023,8000,32000.0,1,0,0,0,0,0,1,0,1,0,0,0,1,0,0,0,0,0,0
2014,210000,24880.38277511962,0,1,0,1,0,0,0,0,1,0,0,0,0,0,0,0,0,1,0
2023,0,61913.87559808613,0,1,0,0,1,0,0,0,0,1,0,0,0,0,0,0,1,0,0
2021,24000,45900.0,0,1,0,1,0,0,0,0,1,0,0,0,0,0,0,0,1,0,0
2012,96300,14500.0,0,0,1,0,0,0,1,0,1,0,0,0,0,1,0,0,0,0,0
2021,16000,50000.0,0,1,0,1,0,0,0,0,1,0,0,0,0,0,0,0,1,0,0
2021,41085,44976.07655502392,0,1,0,1,0,0,0,0,0,1,0,0,0,0,0,0,1,0,0
2024,0,40191.387559808616,1,0,0,0,0,0,1,0,1,0,0,0,1,0,0,0,0,0,0
2011,174000,24000.0,0,1,0,1,0,0,0,0,1,0,0,0,0,0,0,0,0,1,0
2023,3600,36000.0,1,0,0,0,0,0,0,0,1,0,0,1,0,0,0,0,0,0,0
2006,280000,16267.942583732058,0,1,0,1,0,0,0,0,0,1,0,0,0,0,0,0,0,1,0
2009,260000,20000.0,0,1,0,1,0,0,0,0,0,1,0,0,0,0,0,0,0,1,0
2005,235000,16000.0,0,1,0,1,0,0,0,0,0,1,0,0,0,0,0,0,0,1,0
2018,68400,37799.04306220096,0,1,0,1,0,0,0,0,1,0,0,0,0,0,0,0,1,0,0
2014,120000,18000.0,0,0,1,0,0,0,1,0,1,0,0,0,1,0,0,0,0,0,0
2014,153000,30000.0,0,1,0,1,0,0,0,0,1,0,0,0,0,0,0,0,0,1,0
2020,78000,44000.0,0,1,0,1,0,0,0,0,1,0,0,0,0,0,0,0,1,0,0
2013,150000,22800.0,0,1,0,0,0,0,1,0,1,0,0,0,0,0,0,1,0,0,0
2018,88000,26000.0,0,0,1,0,0,0,1,0,1,0,0,0,0,0,1,0,0,0,0
2022,91000,28612.44019138756,1,0,0,0,0,0,1,0,1,0,0,0,1,0,0,0,0,0,0
2013,257000,22900.0,0,1,0,0,1,0,0,0,1,0,0,0,0,0,0,0,0,1,0
2024,0,32344.497607655503,1,0,0,0,0,0,1,0,1,0,0,0,1,0,0,0,0,0,0
2011,220000,12440.19138755981,0,0,1,0,0,0,1,0,1,0,0,0,0,1,0,0,0,0,0
2016,42000,25500.0,0,0,1,0,0,0,1,0,1,0,0,0,0,0,1,0,0,0,0
2020,115000,40500.0,0,1,0,1,0,0,0,0,1,0,0,0,0,0,0,0,1,0,0
2019,50120,27655.502392344497,0,0,1,0,0,0,1,0,1,0,0,0,1,0,0,0,0,0,0
2014,115900,17900.0,0,0,1,0,0,0,1,0,1,0,0,0,1,0,0,0,0,0,0
2017,128128,33971.29186602871,0,1,0,1,0,0,0,0,1,0,0,0,0,0,0,0,1,0,0
2011,270000,25000.0,0,1,0,1,0,0,0,0,1,0,0,0,0,0,0,0,0,1,0
2024,500,41000.0,1,0,0,0,0,0,1,0,1,0,0,0,1,0,0,0,0,0,0
2018,50300,30622.00956937799,0,0,1,0,0,0,1,0,1,0,0,0,1,0,0,0,0,0,0
2023,0,55406.6985645933,0,1,0,1,0,0,0,0,1,0,0,0,0,0,0,0,1,0,0
2013,130000,21500.0,0,0,1,0,0,0,1,0,1,0,0,0,0,1,0,0,0,0,0
2020,24600,50000.0,0,0,1,0,0,0,1,0,1,0,0,0,0,0,1,0,0,0,0
2023,0,50500.0,0,1,0,1,0,0,0,0,1,0,0,0,0,0,0,0,1,0,0
2016,135600,23827.75119617225,0,0,1,0,0,0,1,0,1,0,0,0,1,0,0,0,0,0,0
2017,107000,35500.0,0,1,0,1,0,0,0,0,1,0,0,0,0,0,0,0,1,0,0
2012,106000,14162.67942583732,0,0,1,0,0,0,1,0,1,0,0,0,0,1,0,0,0,0,0
2006,310000,15500.0,0,1,0,1,0,0,0,0,1,0,0,0,0,0,0,0,0,1,0
2011,100000,17224.880382775118,0,1,0,1,0,0,0,0,1,0,0,0,0,0,0,0,0,1,0
2019,129900,46794.25837320574,0,0,1,0,0,0,0,0,0,0,0,0,0,0,1,0,0,0,0
2022,68200,24401.91387559809,1,0,0,0,0,0,1,0,1,0,0,0,0,0,0,0,0,0,0
2016,141200,32535.88516746412,0,1,0,1,0,0,0,0,1,0,0,0,0,0,0,0,1,0,0
2023,0,59808.61244019138,0,1,0,1,0,0,0,0,1,0,0,0,0,0,0,0,1,0,0
2011,130000,28000.0,0,1,0,1,0,0,0,0,1,0,0,0,0,0,0,0,0,1,0
2012,156700,26100.0,0,1,0,1,0,0,0,0,1,0,0,0,0,0,0,0,0,1,0
2024,0,38500.0,1,0,0,0,0,0,0,0,1,0,0,1,0,0,0,0,0,0,0
2012,400000,21000.0,0,1,0,1,0,0,0,0,0,1,0,0,0,0,0,0,0,1,0
2021,16000,30000.0,1,0,0,0,0,0,0,0,1,0,0,1,0,0,0,0,0,0,0
2023,21800,31500.0,1,0,0,0,0,0,1,0,1,0,0,0,1,0,0,0,0,0,0
2012,221700,26000.0,0,1,0,1,0,0,0,0,1,0,0,0,0,0,0,0,0,1,0
2006,219000,22900.0,0,1,0,1,0,0,0,0,1,0,0,0,0,0,0,0,0,1,0
2023,12000,31000.0,1,0,0,0,0,0,1,0,1,0,0,0,1,0,0,0,0,0,0
2018,100000,39000.0,0,1,0,1,0,0,0,0,1,0,0,0,0,0,0,0,1,0,0
2018,80000,27000.0,0,0,1,0,0,0,1,0,1,0,0,0,1,0,0,0,0,0,0
2024,0,29747.36842105263,1,0,0,0,0,0,1,0,1,0,0,0,1,0,0,0,0,0,0
2018,11111,38000.0,0,0,1,0,0,0,1,0,1,0,0,0,0,0,1,0,0,0,0
2023,0,58900.0,0,1,0,1,0,0,0,0,1,0,0,0,0,0,0,0,1,0,0
2023,1200,34000.0,1,0,0,0,0,0,0,0,1,0,0,1,0,0,0,0,0,0,0
2020,38000,48000.0,0,0,1,0,0,1,0,0,1,0,0,0,0,0,0,0,0,0,0
2013,110000,14500.0,0,0,1,0,0,0,1,0,1,0,0,0,1,0,0,0,0,0,0
2021,1100,53500.0,0,1,0,1,0,0,0,0,1,0,0,0,0,0,0,0,1,0,0
2008,200000,10500.0,0,0,1,0,0,0,1,0,1,0,0,0,0,1,0,0,0,0,0
2024,1500,32057.416267942583,1,0,0,0,0,0,1,0,1,0,0,0,1,0,0,0,0,0,0
2016,100000,37500.0,0,1,0,1,0,0,0,0,0,1,0,0,0,0,0,0,1,0,0
2023,5000,38500.0,1,0,0,0,0,0,1,0,1,0,0,0,1,0,0,0,0,0,0
2024,0,74900.0,0,1,0,1,0,0,0,0,1,0,0,0,0,0,0,0,1,0,0
2021,40000,27000.0,1,0,0,0,0,0,1,0,1,0,0,0,1,0,0,0,0,0,0
2023,0,58181.81818181818,0,1,0,1,0,0,0,0,1,0,0,0,0,0,0,0,1,0,0
2020,30000,44000.0,0,1,0,1,0,0,0,0,1,0,0,0,0,0,0,0,1,0,0
2021,64000,29500.0,1,0,0,0,0,0,1,0,1,0,0,0,1,0,0,0,0,0,0
2011,240000,21531.1004784689,0,1,0,1,0,0,0,0,0,1,0,0,0,0,0,0,0,1,0
2024,500,26794.258373205743,1,0,0,0,0,0,1,0,1,0,0,0,1,0,0,0,0,0,0
2017,91000,31387.55980861244,0,1,0,1,0,0,0,0,0,1,0,0,0,0,0,0,1,0,0
2022,3000,60000.0,0,1,0,1,0,0,0,0,1,0,0,0,0,0,0,0,1,0,0
2013,131000,25837.32057416268,0,1,0,1,0,0,0,0,1,0,0,0,0,0,0,0,0,1,0
2022,74000,44400.0,0,1,0,1,0,0,0,0,1,0,0,0,0,0,0,0,1,0,0
2019,81000,39000.0,0,1,0,1,0,0,0,0,1,0,0,0,0,0,0,0,1,0,0
2023,22000,35000.0,1,0,0,0,0,0,1,0,1,0,0,0,1,0,0,0,0,0,0
2024,500,40500.0,1,0,0,0,0,0,1,0,1,0,0,0,1,0,0,0,0,0,0
2014,192000,26500.0,0,1,0,1,0,0,0,0,1,0,0,0,0,0,0,0,0,1,0
2008,131000,18800.0,0,1,0,1,0,0,0,0,0,1,0,0,0,0,0,0,0,1,0
2017,180000,29665.07177033493,0,1,0,1,0,0,0,0,0,1,0,0,0,0,0,0,1,0,0
2020,86000,42500.0,0,1,0,1,0,0,0,0,1,0,0,0,0,0,0,0,1,0,0
2018,160000,39800.0,0,1,0,1,0,0,0,0,1,0,0,0,0,0,0,0,1,0,0
2016,93000,38500.0,0,1,0,1,0,0,0,0,1,0,0,0,0,0,0,0,1,0,0
2012,152435,14000.0,0,0,1,0,0,0,1,0,1,0,0,0,0,1,0,0,0,0,0
2022,33000,29999.0,1,0,0,0,0,0,0,0,1,0,0,1,0,0,0,0,0,0,0
2021,16500,29000.0,1,0,0,0,0,0,1,0,1,0,0,0,1,0,0,0,0,0,0
2020,68000,43500.0,0,1,0,0,0,0,1,0,1,0,0,0,0,0,0,0,1,0,0
2009,156000,12000.0,0,0,1,0,0,0,1,0,1,0,0,0,0,1,0,0,0,0,0
2016,150000,30900.0,0,1,0,1,0,0,0,0,1,0,0,0,0,0,0,0,1,0,0
2019,95000,37500.0,0,1,0,1,0,0,0,0,1,0,0,0,0,0,0,0,1,0,0
2021,70409,41626.79425837321,0,1,0,1,0,0,0,0,1,0,0,0,0,0,0,0,1,0,0
2015,160000,22000.0,0,0,1,0,0,0,1,0,1,0,0,0,0,0,1,0,0,0,0
2022,111111,53000.0,0,1,0,1,0,0,0,0,1,0,0,0,0,0,0,0,1,0,0
2018,99000,37500.0,0,1,0,1,0,0,0,0,1,0,0,0,0,0,0,0,1,0,0
2016,158000,30000.0,0,1,0,1,0,0,0,0,1,0,0,0,0,0,0,0,1,0,0
2016,208000,30143.54066985646,0,1,0,1,0,0,0,0,1,0,0,0,0,0,0,0,1,0,0
2018,84000,38000.0,0,1,0,1,0,0,0,0,1,0,0,0,0,0,0,0,1,0,0
2016,163000,29500.0,0,1,0,1,0,0,0,0,0,1,0,0,0,0,0,0,1,0,0
2020,62958,40191.387559808616,0,1,0,1,0,0,0,0,1,0,0,0,0,0,0,0,1,0,0
2018,140000,36000.0,0,1,0,1,0,0,0,0,1,0,0,0,0,0,0,0,1,0,0
2024,0,27070.105263157893,1,0,0,0,0,0,1,0,1,0,0,0,1,0,0,0,0,0,0
2023,0,38000.0,1,0,0,0,0,0,1,0,1,0,0,0,1,0,0,0,0,0,0
2016,150000,32500.0,0,1,0,1,0,0,0,0,0,1,0,0,0,0,0,0,1,0,0
2005,165000,18000.0,0,1,0,1,0,0,0,0,0,1,0,0,0,0,0,0,0,1,0
2014,96000,20000.0,0,0,1,0,0,0,1,0,1,0,0,0,1,0,0,0,0,0,0
2019,113000,39000.0,0,1,0,1,0,0,0,0,1,0,0,0,0,0,0,0,1,0,0
2012,293000,20900.0,0,1,0,1,0,0,0,0,1,0,0,0,0,0,0,0,0,1,0
2014,150000,20000.0,0,0,1,0,0,0,1,0,1,0,0,0,1,0,0,0,0,0,0
2022,19000,48700.0,0,1,0,1,0,0,0,0,1,0,0,0,0,0,0,0,1,0,0
2011,320000,19043.06220095693,0,1,0,1,0,0,0,0,1,0,0,0,0,0,0,0,0,1,0
2019,54000,42000.0,0,1,0,1,0,0,0,0,1,0,0,0,0,0,0,0,1,0,0
2021,56497,46000.0,0,1,0,1,0,0,0,0,1,0,0,0,0,0,0,0,1,0,0
2011,150800,25000.0,0,1,0,1,0,0,0,0,0,1,0,0,0,0,0,0,0,1,0
2011,219000,22900.0,0,1,0,1,0,0,0,0,1,0,0,0,0,0,0,0,0,1,0
2023,0,85263.15789473684,0,1,0,0,0,0,0,1,1,0,0,0,0,0,0,0,1,0,0
2020,80000,41148.32535885168,0,1,0,1,0,0,0,0,1,0,0,0,0,0,0,0,1,0,0
2018,70000,39000.0,0,1,0,1,0,0,0,0,0,1,0,0,0,0,0,0,1,0,0
2024,500,36900.0,1,0,0,0,0,0,1,0,1,0,0,0,1,0,0,0,0,0,0
2014,162000,25000.0,0,1,0,1,0,0,0,0,0,1,0,0,0,0,0,0,0,1,0
2022,500,57000.0,0,1,0,1,0,0,0,0,1,0,0,0,0,0,0,0,1,0,0
2017,88000,26315.78947368421,0,0,1,0,0,0,1,0,1,0,0,0,0,0,1,0,0,0,0
2023,0,58181.81818181818,0,1,0,1,0,0,0,0,1,0,0,0,0,0,0,0,1,0,0
2020,49000,49000.0,0,0,1,0,0,1,0,0,1,0,0,0,0,0,1,0,0,0,0
2016,207000,30000.0,0,1,0,1,0,0,0,0,1,0,0,0,0,0,0,0,1,0,0
2022,83932,24401.91387559809,1,0,0,0,0,0,1,0,1,0,0,0,0,0,0,0,0,0,0
2017,121500,37000.0,0,1,0,1,0,0,0,0,1,0,0,0,0,0,0,0,1,0,0
2013,124901,15600.0,0,0,1,0,0,0,1,0,1,0,0,0,1,0,0,0,0,0,0
2018,96000,38000.0,0,1,0,1,0,0,0,0,1,0,0,0,0,0,0,0,1,0,0
2021,15000,28400.0,1,0,0,0,0,0,1,0,1,0,0,0,1,0,0,0,0,0,0
2008,210000,10500.0,0,0,1,0,0,0,1,0,1,0,0,0,0,1,0,0,0,0,0
2023,8000,36850.0,1,0,0,0,0,0,1,0,1,0,0,0,1,0,0,0,0,0,0
2010,153000,23500.0,0,1,0,1,0,0,0,0,0,1,0,0,0,0,0,0,0,1,0
2019,129000,36000.0,0,1,0,1,0,0,0,0,1,0,0,0,0,0,0,0,1,0,0
2020,68000,43500.0,0,1,0,1,0,0,0,0,1,0,0,0,0,0,0,0,1,0,0
2023,0,14560.765550239234,1,0,0,0,0,0,0,0,1,0,0,1,0,0,0,0,0,0,0
2018,145000,36000.0,0,1,0,1,0,0,0,0,1,0,0,0,0,0,0,0,1,0,0
2017,123000,35000.0,0,1,0,1,0,0,0,0,1,0,0,0,0,0,0,0,1,0,0
2024,1100,30622.00956937799,1,0,0,0,0,0,1,0,1,0,0,0,1,0,0,0,0,0,0
2018,120000,41900.0,0,1,0,1,0,0,0,0,1,0,0,0,0,0,0,0,1,0,0
2022,11660,47846.88995215311,0,1,0,1,0,0,0,0,1,0,0,0,0,0,0,0,1,0,0
2023,0,57129.18660287081,0,1,0,1,0,0,0,0,1,0,0,0,0,0,0,0,1,0,0
2023,1600,33500.0,1,0,0,0,0,0,1,0,1,0,0,0,1,0,0,0,0,0,0
2012,200000,22870.813397129183,0,1,0,1,0,0,0,0,1,0,0,0,0,0,0,0,0,1,0
2016,108400,25825.837320574163,0,0,1,0,0,0,1,0,1,0,0,0,1,0,0,0,0,0,0
2007,204000,18947.36842105263,0,1,0,1,0,0,0,0,0,1,0,0,0,0,0,0,0,1,0
2020,30000,46000.0,0,1,0,1,0,0,0,0,1,0,0,0,0,0,0,0,1,0,0
2024,1000,35500.0,1,0,0,0,0,0,0,0,1,0,0,1,0,0,0,0,0,0,0
2021,11342,33200.0,1,0,0,0,0,0,0,0,1,0,0,1,0,0,0,0,0,0,0
2023,0,29747.36842105263,1,0,0,0,0,0,1,0,1,0,0,0,1,0,0,0,0,0,0
2013,217000,13800.0,0,0,1,0,0,0,1,0,1,0,0,0,1,0,0,0,0,0,0
2020,55000,39900.0,0,1,0,1,0,0,0,0,1,0,0,0,0,0,0,0,1,0,0
2024,0,35000.0,1,0,0,0,0,0,0,0,1,0,0,1,0,0,0,0,0,0,0
2022,16800,45933.01435406699,0,1,0,1,0,0,0,0,1,0,0,0,0,0,0,0,1,0,0
2013,355000,20000.0,0,1,0,1,0,0,0,0,0,1,0,0,0,0,0,0,0,1,0
2019,83800,34900.0,0,1,0,1,0,0,0,0,0,1,0,0,0,0,0,0,1,0,0
2018,90000,39000.0,0,1,0,1,0,0,0,0,1,0,0,0,0,0,0,0,1,0,0
2015,200000,24500.0,0,1,0,0,0,0,1,0,1,0,0,0,0,0,0,1,0,0,0
2023,12200,30250.0,1,0,0,0,0,0,1,0,1,0,0,0,1,0,0,0,0,0,0
2022,5500,30143.54066985646,1,0,0,0,0,0,1,0,1,0,0,0,1,0,0,0,0,0,0
2009,246000,9900.0,0,0,1,0,0,0,1,0,1,0,0,0,0,1,0,0,0,0,0
2011,200000,22000.0,0,1,0,1,0,0,0,0,1,0,0,0,0,0,0,0,0,1,0
2013,104000,21052.63157894737,0,0,1,0,0,0,1,0,1,0,0,0,0,1,0,0,0,0,0
2008,320000,19000.0,0,1,0,1,0,0,0,0,1,0,0,0,0,0,0,0,0,1,0
2024,500,35400.0,1,0,0,0,0,0,1,0,1,0,0,0,1,0,0,0,0,0,0
2012,200000,23000.0,0,1,0,1,0,0,0,0,0,1,0,0,0,0,0,0,0,1,0
2002,250000,8990.0,0,0,1,0,0,0,1,0,1,0,0,0,1,0,0,0,0,0,0
2021,50000,42000.0,0,1,0,1,0,0,0,0,1,0,0,0,0,0,0,0,1,0,0
2021,41500,49900.0,0,1,0,1,0,0,0,0,1,0,0,0,0,0,0,0,1,0,0
2019,90000,37500.0,0,1,0,1,0,0,0,0,1,0,0,0,0,0,0,0,1,0,0
2013,265000,24900.0,0,1,0,1,0,0,0,0,1,0,0,0,0,0,0,0,0,1,0
2022,42500,45000.0,0,0,1,0,0,0,1,0,1,0,0,0,0,0,1,0,0,0,0
2012,170000,13500.0,0,0,1,0,0,0,1,0,1,0,0,0,0,1,0,0,0,0,0
2023,10000,55000.0,0,1,0,1,0,0,0,0,1,0,0,0,0,0,0,0,1,0,0
2023,33000,28229.66507177033,1,0,0,0,0,0,1,0,1,0,0,0,1,0,0,0,0,0,0
2007,230000,21000.0,0,1,0,1,0,0,0,0,1,0,0,0,0,0,0,0,0,1,0
2022,0,30794.258373205743,1,0,0,0,0,0,1,0,1,0,0,0,1,0,0,0,0,0,0
2024,0,53687.36842105263,0,1,0,1,0,0,0,0,1,0,0,0,0,0,0,0,0,0,0
2022,15000,53000.0,0,1,0,1,0,0,0,0,1,0,0,0,0,0,0,0,1,0,0
2024,999,38200.0,1,0,0,0,0,0,0,0,1,0,0,1,0,0,0,0,0,0,0
2017,145000,35500.0,0,1,0,1,0,0,0,0,1,0,0,0,0,0,0,0,1,0,0
2021,90000,45000.0,0,1,0,1,0,0,0,0,1,0,0,0,0,0,0,0,1,0,0
2023,5000,62000.0,0,1,0,1,0,0,0,0,1,0,0,0,0,0,0,0,1,0,0
2021,85000,43900.0,0,1,0,1,0,0,0,0,1,0,0,0,0,0,0,0,1,0,0
2017,112000,24500.0,0,0,1,0,0,0,1,0,1,0,0,0,1,0,0,0,0,0,0
2013,160000,17224.880382775118,0,0,1,0,0,0,1,0,1,0,0,0,1,0,0,0,0,0,0
2020,41000,37900.0,0,1,0,1,0,0,0,0,0,1,0,0,0,0,0,0,1,0,0
2005,168000,19500.0,0,1,0,1,0,0,0,0,1,0,0,0,0,0,0,0,0,1,0
2023,10698,28660.28708133972,1,0,0,0,0,0,1,0,1,0,1,0,0,0,0,0,0,0,0
2024,0,39000.0,1,0,0,0,0,0,0,0,1,0,0,1,0,0,0,0,0,0,0
2022,45500,32000.0,1,0,0,0,0,0,1,0,1,0,0,0,1,0,0,0,0,0,0
2017,91000,38500.0,0,1,0,1,0,0,0,0,1,0,0,0,0,0,0,0,1,0,0
2000,275000,17500.0,0,1,0,1,0,0,0,0,0,1,0,0,0,0,0,0,0,1,0
2020,66000,41900.0,0,1,0,1,0,0,0,0,1,0,0,0,0,0,0,0,1,0,0
2021,51000,45500.0,0,1,0,1,0,0,0,0,0,1,0,0,0,0,0,0,1,0,0
2022,35300,50500.0,0,1,0,1,0,0,0,0,1,0,0,0,0,0,0,0,1,0,0
2020,85000,42500.0,0,1,0,1,0,0,0,0,1,0,0,0,0,0,0,0,1,0,0
2023,0,53687.36842105263,0,1,0,1,0,0,0,0,1,0,0,0,0,0,0,0,1,0,0
2023,0,34449.76076555024,1,0,0,0,0,0,1,0,1,0,0,0,1,0,0,0,0,0,0
2023,6700,52000.0,0,1,0,1,0,0,0,0,1,0,0,0,0,0,0,0,1,0,0
2022,31000,52631.57894736842,0,1,0,1,0,0,0,0,1,0,0,0,0,0,0,0,1,0,0
2010,197000,21000.0,0,1,0,1,0,0,0,0,1,0,0,0,0,0,0,0,0,1,0
2023,8000,32900.0,1,0,0,0,0,0,1,0,1,0,0,0,1,0,0,0,0,0,0
2021,54000,49000.0,0,1,0,1,0,0,0,0,1,0,0,0,0,0,0,0,1,0,0
2019,70154,41000.0,0,0,1,0,0,0,0,0,1,0,0,0,0,0,1,0,0,0,0
2016,155000,35885.167464114835,0,1,0,1,0,0,0,0,0,1,0,0,0,0,0,0,1,0,0
2009,189000,10500.0,0,0,1,0,0,0,1,0,1,0,0,0,0,1,0,0,0,0,0
2023,28000,30500.0,1,0,0,0,0,0,1,0,1,0,0,0,1,0,0,0,0,0,0
2012,165000,23923.44497607656,0,1,0,1,0,0,0,0,0,1,0,0,0,0,0,0,0,1,0
2017,130000,35500.0,0,1,0,1,0,0,0,0,1,0,0,0,0,0,0,0,1,0,0
2021,30000,31000.0,1,0,0,0,0,0,1,0,1,0,0,0,1,0,0,0,0,0,0
2023,0,55416.26794258373,0,1,0,1,0,0,0,0,1,0,0,0,0,0,0,0,1,0,0
2021,82794,38277.511961722485,0,1,0,1,0,0,0,0,0,1,0,0,0,0,0,0,1,0,0
2023,0,35000.0,1,0,0,0,0,0,1,0,1,0,0,0,1,0,0,0,0,0,0
2011,170000,20000.0,0,1,0,1,0,0,0,0,1,0,0,0,0,0,0,0,0,1,0
2024,0,29747.36842105263,1,0,0,0,0,0,1,0,1,0,0,0,1,0,0,0,0,0,0
2020,26500,44000.0,0,1,0,1,0,0,0,0,1,0,0,0,0,0,0,0,1,0,0
2016,102000,33014.354066985645,0,1,0,1,0,0,0,0,0,1,0,0,0,0,0,0,1,0,0
2022,28000,32535.88516746412,1,0,0,0,0,0,1,0,1,0,0,0,0,0,0,0,0,0,0
2023,37500,32057.416267942583,1,0,0,0,0,0,1,0,1,0,0,0,1,0,0,0,0,0,0
2023,12000,54000.0,0,1,0,1,0,0,0,0,1,0,0,0,0,0,0,0,1,0,0
2017,60000,42000.0,0,1,0,1,0,0,0,0,1,0,0,0,0,0,0,0,1,0,0
1999,287000,15000.0,0,1,0,1,0,0,0,0,0,1,0,0,0,0,0,0,0,1,0
2022,0,32383.73205741627,1,0,0,0,0,0,1,0,1,0,0,0,1,0,0,0,0,0,0
2020,67500,48000.0,0,0,1,0,0,1,0,0,1,0,0,0,0,0,1,0,0,0,0
2022,11000,26794.258373205743,1,0,0,0,0,0,1,0,1,0,0,0,1,0,0,0,0,0,0
2018,46000,42000.0,0,1,0,1,0,0,0,0,1,0,0,0,0,0,0,0,1,0,0
2018,78000,27900.0,0,0,1,0,0,0,1,0,1,0,0,0,0,0,1,0,0,0,0
2023,0,40900.0,1,0,0,0,0,0,0,0,1,0,0,1,0,0,0,0,0,0,0
2023,40846,27655.502392344497,1,0,0,0,0,0,1,0,1,0,0,0,1,0,0,0,0,0,0
2014,51598,23846.88995215311,0,0,1,0,0,0,1,0,1,0,1,0,0,0,0,0,0,0,0
2018,107000,36842.10526315789,0,1,0,1,0,0,0,0,1,0,0,0,0,0,0,0,1,0,0
2010,255000,21500.0,0,1,0,1,0,0,0,0,0,1,0,0,0,0,0,0,0,1,0
2022,28000,28500.0,1,0,0,0,0,0,1,0,1,0,0,0,1,0,0,0,0,0,0
2021,47000,33000.0,1,0,0,0,0,0,0,0,1,0,0,1,0,0,0,0,0,0,0
2012,147000,11952.143540669857,0,0,1,0,0,0,1,0,1,0,0,0,0,1,0,0,0,0,0
2023,16000,32440.191387559807,1,0,0,0,0,0,1,0,1,0,0,0,1,0,0,0,0,0,0
2012,190000,26500.0,0,1,0,1,0,0,0,0,0,1,0,0,0,0,0,0,0,1,0
2011,181000,24500.0,0,1,0,1,0,0,0,0,0,1,0,0,0,0,0,0,0,1,0
2016,250000,32000.0,0,1,0,1,0,0,0,0,1,0,0,0,0,0,0,0,1,0,0
2022,34000,48803.82775119617,0,1,0,1,0,0,0,0,1,0,0,0,0,0,0,0,1,0,0
2021,53000,44000.0,0,1,0,1,0,0,0,0,1,0,0,0,0,0,0,0,1,0,0
2024,0,34900.0,1,0,0,0,0,0,1,0,1,0,0,0,1,0,0,0,0,0,0
2022,14000,65000.0,0,1,0,1,0,0,0,0,1,0,0,0,0,0,0,0,1,0,0
2019,55000,41500.0,0,1,0,1,0,0,0,0,1,0,0,0,0,0,0,0,1,0,0
2023,26000,51674.64114832536,0,1,0,1,0,0,0,0,1,0,0,0,0,0,0,0,1,0,0
2023,7300,37000.0,1,0,0,0,0,0,0,0,1,0,0,1,0,0,0,0,0,0,0
2021,44320,43062.2009569378,0,1,0,1,0,0,0,0,1,0,0,0,0,0,0,0,1,0,0
2023,5800,60000.0,0,1,0,1,0,0,0,0,1,0,0,0,0,0,0,0,1,0,0
2019,93000,36000.0,0,1,0,1,0,0,0,0,1,0,0,0,0,0,0,0,1,0,0
2023,4500,89900.0,0,1,0,1,0,0,0,0,1,0,0,0,0,0,0,0,1,0,0
2022,20000,59000.0,0,1,0,1,0,0,0,0,1,0,0,0,0,0,0,0,1,0,0
2023,17000,33492.82296650718,1,0,0,0,0,0,1,0,1,0,0,0,1,0,0,0,0,0,0
2013,142000,16172.248803827752,0,0,1,0,0,0,1,0,1,0,0,0,1,0,0,0,0,0,0
2020,45773,48000.0,0,0,1,0,0,0,0,0,1,0,0,0,0,0,1,0,0,0,0
2023,4500,33000.0,1,0,0,0,0,0,1,0,1,0,0,0,1,0,0,0,0,0,0
2017,140505,33397.12918660287,0,1,0,1,0,0,0,0,1,0,0,0,0,0,0,0,1,0,0
2023,500,31900.0,1,0,0,0,0,0,1,0,1,0,0,0,1,0,0,0,0,0,0
2013,184000,22800.0,0,1,0,0,0,0,1,0,1,0,0,0,0,0,0,1,0,0,0
2016,120000,33800.0,0,1,0,1,0,0,0,0,1,0,0,0,0,0,0,0,1,0,0
2022,13000,55000.0,0,1,0,1,0,0,0,0,1,0,0,0,0,0,0,0,1,0,0
2020,23700,42000.0,0,1,0,1,0,0,0,0,1,0,0,0,0,0,0,0,1,0,0
2022,22000,31000.0,1,0,0,0,0,0,0,0,1,0,0,1,0,0,0,0,0,0,0
2012,281000,19138.75598086124,0,1,0,1,0,0,0,0,0,1,0,0,0,0,0,0,0,1,0
2022,74000,46889.95215311005,0,1,0,1,0,0,0,0,1,0,0,0,0,0,0,0,1,0,0
2023,3992,38900.0,1,0,0,0,0,0,1,0,1,0,0,0,1,0,0,0,0,0,0
2018,140000,36000.0,0,1,0,1,0,0,0,0,1,0,0,0,0,0,0,0,1,0,0
2019,38000,40000.0,0,1,0,1,0,0,0,0,0,1,0,0,0,0,0,0,1,0,0
2016,17000,27900.0,0,0,1,0,0,0,1,0,1,0,0,0,0,0,1,0,0,0,0
2017,110000,25000.0,0,0,1,0,0,0,1,0,1,0,0,0,0,0,1,0,0,0,0
2017,60000,38900.0,0,1,0,1,0,0,0,0,1,0,0,0,0,0,0,0,1,0,0
2011,250000,20000.0,0,1,0,1,0,0,0,0,1,0,0,0,0,0,0,0,0,1,0
2016,148000,29665.07177033493,0,1,0,1,0,0,0,0,0,1,0,0,0,0,0,0,1,0,0
2023,6100,37500.0,1,0,0,0,0,0,1,0,1,0,0,0,1,0,0,0,0,0,0
2023,1111,33500.0,1,0,0,0,0,1,0,0,1,0,0,0,1,0,0,0,0,0,0
2008,885000,12918.66028708134,0,1,0,1,0,0,0,0,1,0,0,0,0,0,0,0,0,1,0
2024,555,35600.0,1,0,0,0,0,0,1,0,1,0,0,0,1,0,0,0,0,0,0
2021,70000,41148.32535885168,0,1,0,1,0,0,0,0,1,0,0,0,0,0,0,0,1,0,0
2013,93000,20500.0,0,0,1,0,0,0,1,0,1,0,0,0,0,0,1,0,0,0,0
2017,100000,34000.0,0,1,0,1,0,0,0,0,1,0,0,0,0,0,0,0,1,0,0
2021,67000,27751.196172248805,1,0,0,0,0,0,1,0,1,0,0,0,1,0,0,0,0,0,0
2011,150000,23000.0,0,1,0,1,0,0,0,0,1,0,0,0,0,0,0,0,0,1,0
2023,111111,33990.0,1,0,0,0,0,0,0,0,1,0,0,1,0,0,0,0,0,0,0
2006,313000,16500.0,0,1,0,1,0,0,0,0,0,1,0,0,0,0,0,0,0,1,0
2024,0,29747.36842105263,1,0,0,0,0,0,1,0,1,0,0,0,1,0,0,0,0,0,0
2005,195000,14918.66028708134,0,1,0,1,0,0,0,0,0,1,0,0,0,0,0,0,0,1,0
2019,116000,40750.0,0,1,0,1,0,0,0,0,1,0,0,0,0,0,0,0,1,0,0
2005,160000,16500.0,0,1,0,1,0,0,0,0,0,1,0,0,0,0,0,0,0,1,0
2013,205800,29000.0,0,1,0,1,0,0,0,0,1,0,0,0,0,0,0,0,0,1,0
2022,14000,31578.947368421053,1,0,0,0,0,0,0,0,1,0,0,1,0,0,0,0,0,0,0
2008,241000,10047.846889952154,0,0,1,0,0,0,0,1,1,0,0,0,0,1,0,0,0,0,0
2013,230000,25000.0,0,1,0,1,0,0,0,0,1,0,0,0,0,0,0,0,0,1,0
2018,150000,36500.0,0,1,0,1,0,0,0,0,1,0,0,0,0,0,0,0,1,0,0
2013,143000,22000.0,0,1,0,0,0,0,1,0,1,0,0,0,0,0,0,1,0,0,0
2023,0,36000.0,1,0,0,0,0,0,0,0,1,0,0,1,0,0,0,0,0,0,0
2023,2450,36800.0,1,0,0,0,0,0,0,0,1,0,0,1,0,0,0,0,0,0,0
2015,74000,26794.258373205743,0,1,0,1,0,0,0,0,0,1,0,0,0,0,0,0,0,1,0
2022,12500,33000.0,1,0,0,0,0,0,1,0,1,0,0,0,1,0,0,0,0,0,0
2022,16873,45933.01435406699,0,1,0,1,0,0,0,0,1,0,0,0,0,0,0,0,1,0,0
2011,154500,12700.0,0,0,1,0,0,0,1,0,1,0,0,0,0,1,0,0,0,0,0
2016,119000,38500.0,0,1,0,1,0,0,0,0,1,0,0,0,0,0,0,0,1,0,0
2019,63000,34500.0,0,1,0,1,0,0,0,0,0,1,0,0,0,0,0,0,1,0,0
2019,65000,43000.0,0,0,1,0,0,0,1,0,1,0,0,0,0,0,1,0,0,0,0
2017,84000,36000.0,0,1,0,1,0,0,0,0,1,0,0,0,0,0,0,0,1,0,0
2021,33000,47846.88995215311,0,1,0,1,0,0,0,0,1,0,0,0,0,0,0,0,1,0,0
2017,154000,31100.47846889952,0,1,0,1,0,0,0,0,1,0,0,0,0,0,0,0,1,0,0
2023,38000,34000.0,1,0,0,0,0,0,1,0,1,0,0,0,1,0,0,0,0,0,0
2022,21000,45000.0,0,1,0,1,0,0,0,0,0,1,0,0,0,0,0,0,1,0,0
2023,1500,102000.0,0,1,0,1,0,0,0,0,1,0,0,0,0,0,0,0,1,0,0
2016,220000,32000.0,0,1,0,1,0,0,0,0,1,0,0,0,0,0,0,0,1,0,0
2010,290000,25000.0,0,1,0,1,0,0,0,0,1,0,0,0,0,0,0,0,0,1,0
2023,0,36650.71770334928,1,0,0,0,0,0,0,0,1,0,0,1,0,0,0,0,0,0,0
2018,120000,33000.0,0,1,0,1,0,0,0,0,1,0,0,0,0,0,0,0,1,0,0
2023,0,55406.6985645933,0,1,0,1,0,0,0,0,1,0,0,0,0,0,0,0,1,0,0
2021,39000,46000.0,0,1,0,1,0,0,0,0,1,0,0,0,0,0,0,0,1,0,0
2021,28000,59900.0,0,1,0,1,0,0,0,0,1,0,0,0,0,0,0,0,1,0,0
2023,18000,53588.516746411486,0,1,0,1,0,0,0,0,1,0,0,0,0,0,0,0,1,0,0
2024,992,33014.354066985645,1,0,0,0,0,0,1,0,1,0,0,0,1,0,0,0,0,0,0
2023,0,29747.36842105263,1,0,0,0,0,0,1,0,1,0,0,0,1,0,0,0,0,0,0
2021,41000,46000.0,0,1,0,1,0,0,0,0,0,1,0,0,0,0,0,0,1,0,0
2013,128000,13397.129186602871,0,0,1,0,0,0,1,0,1,0,0,0,0,1,0,0,0,0,0
2024,0,70000.0,0,1,0,1,0,0,0,0,1,0,0,0,0,0,0,0,1,0,0
2024,0,37272.72727272727,1,0,0,0,0,0,0,0,1,0,0,1,0,0,0,0,0,0,0
2013,130000,18500.0,0,0,1,0,0,0,1,0,1,0,0,0,1,0,0,0,0,0,0
2009,169000,21400.0,0,1,0,1,0,0,0,0,0,1,0,0,0,0,0,0,0,1,0
2023,0,31137.7990430622,1,0,0,0,0,0,0,0,1,0,0,1,0,0,0,0,0,0,0
2022,1500,33492.82296650718,1,0,0,0,0,0,1,0,1,0,0,0,1,0,0,0,0,0,0
2024,0,36267.94258373206,1,0,0,0,0,0,1,0,1,0,0,0,1,0,0,0,0,0,0
2022,14000,34000.0,1,0,0,0,0,0,1,0,1,0,0,0,1,0,0,0,0,0,0
2010,192000,12900.0,0,0,1,0,0,0,1,0,1,0,0,0,0,1,0,0,0,0,0
2023,500,47500.0,0,1,0,1,0,0,0,0,1,0,0,0,0,0,0,0,1,0,0
1997,280000,11500.0,0,1,0,1,0,0,0,0,0,1,0,0,0,0,0,0,0,1,0
2021,48000,47500.0,0,1,0,1,0,0,0,0,1,0,0,0,0,0,0,0,1,0,0
2021,47000,47000.0,0,1,0,0,1,0,0,0,1,0,0,0,0,0,0,0,1,0,0
2020,29000,48000.0,0,0,1,0,0,0,1,0,1,0,0,0,0,0,1,0,0,0,0
2012,179000,24900.0,0,1,0,1,0,0,0,0,1,0,0,0,0,0,0,0,0,1,0
2019,119000,26000.0,0,0,1,0,0,0,1,0,1,0,0,0,1,0,0,0,0,0,0
2024,500,36000.0,1,0,0,0,0,0,0,0,1,0,0,1,0,0,0,0,0,0,0
2019,70000,42000.0,0,0,1,0,0,0,1,0,1,0,0,0,0,0,1,0,0,0,0
2021,73000,47000.0,0,1,0,1,0,0,0,0,1,0,0,0,0,0,0,0,1,0,0
2023,0,57900.0,0,1,0,1,0,0,0,0,1,0,0,0,0,0,0,0,1,0,0
2023,2023,38000.0,1,0,0,0,0,0,1,0,1,0,0,0,1,0,0,0,0,0,0
2019,95000,38800.0,0,1,0,1,0,0,0,0,1,0,0,0,0,0,0,0,1,0,0
2021,27000,33000.0,1,0,0,0,0,0,0,0,1,0,0,1,0,0,0,0,0,0,0
2018,92000,38500.0,0,1,0,1,0,0,0,0,1,0,0,0,0,0,0,0,1,0,0
2024,0,38468.8995215311,1,0,0,0,0,0,1,0,1,0,0,0,1,0,0,0,0,0,0
2010,245000,21500.0,0,1,0,1,0,0,0,0,1,0,0,0,0,0,0,0,0,1,0
2023,500,34100.0,1,0,0,0,0,0,0,0,1,0,0,1,0,0,0,0,0,0,0
2023,8000,51578.94736842105,0,1,0,1,0,0,0,0,1,0,0,0,0,0,0,0,1,0,0
2023,0,34736.84210526316,1,0,0,0,0,0,1,0,1,0,0,0,1,0,0,0,0,0,0
2023,6700,32000.0,1,0,0,0,0,1,0,0,1,0,0,1,0,0,0,0,0,0,0
2024,0,35406.6985645933,1,0,0,0,0,0,1,0,1,0,0,0,1,0,0,0,0,0,0
2019,75000,42500.0,0,1,0,1,0,0,0,0,1,0,0,0,0,0,0,0,1,0,0
2005,180000,15500.0,0,1,0,1,0,0,0,0,0,1,0,0,0,0,0,0,0,1,0
2023,0,34000.0,1,0,0,0,0,0,1,0,1,0,0,0,1,0,0,0,0,0,0
2017,76154,43170.90909090909,0,1,0,1,0,0,0,0,1,0,0,0,0,0,0,0,1,0,0
2021,45000,48300.0,0,1,0,1,0,0,0,0,1,0,0,0,0,0,0,0,1,0,0
2022,9000,37224.88038277512,1,0,0,0,0,0,1,0,1,0,0,0,1,0,0,0,0,0,0
2022,15000,48500.0,0,1,0,1,0,0,0,0,1,0,0,0,0,0,0,0,1,0,0
2011,169000,23500.0,0,1,0,1,0,0,0,0,1,0,0,0,0,0,0,0,0,1,0
2023,500,32600.0,1,0,0,0,0,0,0,0,1,0,0,1,0,0,0,0,0,0,0
2024,1000,39234.44976076555,1,0,0,0,0,0,0,0,1,0,0,1,0,0,0,0,0,0,0
2023,0,31100.47846889952,1,0,0,0,0,0,1,0,1,0,0,0,1,0,0,0,0,0,0
2013,220000,22500.0,0,1,0,1,0,0,0,0,1,0,0,0,0,0,0,0,0,1,0
2022,20000,49000.0,0,1,0,1,0,0,0,0,1,0,0,0,0,0,0,0,1,0,0
2023,0,70000.0,0,1,0,1,0,0,0,0,1,0,0,0,0,0,0,0,1,0,0
2024,0,39952.153110047846,1,0,0,0,0,0,1,0,1,0,0,0,1,0,0,0,0,0,0
2022,0,69000.0,0,1,0,1,0,0,0,0,1,0,0,0,0,0,0,0,1,0,0
2021,4500,50000.0,0,1,0,1,0,0,0,0,1,0,0,0,0,0,0,0,1,0,0
2018,141000,33800.0,0,1,0,1,0,0,0,0,1,0,0,0,0,0,0,0,1,0,0
2018,71000,27500.0,0,0,1,0,0,0,1,0,1,0,0,0,1,0,0,0,0,0,0
2016,165000,34000.0,0,1,0,1,0,0,0,0,1,0,0,0,0,0,0,0,1,0,0
2001,230000,25000.0,0,1,0,1,0,0,0,0,0,1,0,0,0,0,0,0,0,1,0
2020,48738,44019.13875598087,0,1,0,1,0,0,0,0,1,0,0,0,0,0,0,0,1,0,0
2021,58000,31900.0,1,0,0,0,0,0,0,0,1,0,0,1,0,0,0,0,0,0,0
